t,sigma,integral
0.000000000000000000e+00,0.000000000000000000e+00,0.000000000000000000e+00
8.333333333333333218e-03,2.247343841231111393e-08,9.363932671796297817e-11
1.666666666666666644e-02,3.534970071901449515e-07,1.660182850061530066e-09
2.500000000000000139e-02,1.758886397009296718e-06,1.046178036755920635e-08
3.333333333333333287e-02,5.462257173033448232e-06,4.054987857607063779e-08
4.166666666666666435e-02,1.310044835337502588e-05,1.178944849361059316e-07
5.000000000000000278e-02,2.667978421570558432e-05,2.836454539739419336e-07
5.833333333333333426e-02,4.853342307185524296e-05,5.970338176721119837e-07
6.666666666666666574e-02,8.128003704082169809e-05,1.137923234808265884e-06
7.499999999999999722e-02,1.277840508380578117e-04,2.009023600970263756e-06
8.333333333333332871e-02,1.911176420462875887e-04,3.337780654655035947e-06
9.166666666666666019e-02,2.745246719786088819e-04,5.277956963092104631e-06
1.000000000000000056e-01,3.813866768158003960e-04,8.010920916402146564e-06
1.083333333333333370e-01,5.151910049254517779e-04,1.174666125699069627e-05
1.166666666666666685e-01,6.795011398864998428e-04,1.672454519370716034e-05
1.250000000000000000e-01,8.779292014876037857e-04,2.321383828276592546e-05
1.333333333333333315e-01,1.114110570568026173e-03,3.151400399966437955e-05
1.416666666666666630e-01,1.391680539712369588e-03,4.195480029249935557e-05
1.499999999999999944e-01,1.714252852105814604e-03,5.489618942507512394e-05
1.583333333333333259e-01,2.085399956789792293e-03,7.072807612880680850e-05
1.666666666666666574e-01,2.508634781437144631e-03,8.986988753808571235e-05
1.749999999999999889e-01,2.987393804664677417e-03,1.127700066468432925e-04
1.833333333333333204e-01,3.525021199606579239e-03,1.399050691646401979e-04
1.916666666666666519e-01,4.124753819437215231e-03,1.717791317439893307e-04
2.000000000000000111e-01,4.789706803840592525e-03,2.089227176743136435e-04
2.083333333333333426e-01,5.522859602772416804e-03,2.518917443685344940e-04
2.166666666666666741e-01,6.327042239557247039e-03,3.012663353782414123e-04
2.250000000000000056e-01,7.204921668348161085e-03,3.576495183278472541e-04
2.333333333333333370e-01,8.158988119864769850e-03,4.216658091120678142e-04
2.416666666666666685e-01,9.191541372467380844e-03,4.939596819967850870e-04
2.500000000000000000e-01,1.030467693118508610e-02,5.751939249286703226e-04
2.583333333333333037e-01,1.150027214335982984e-02,6.660478794059404442e-04
2.666666666666666630e-01,1.277997232416431747e-02,7.672155646872914122e-04
2.750000000000000222e-01,1.414517700655924110e-02,8.794036868986399198e-04
2.833333333333333259e-01,1.559702646662129016e-02,1.003329534703558410e-03
2.916666666666666852e-01,1.713638870520600016e-02,1.139718764586172654e-03
2.999999999999999889e-01,1.876384708953730482e-02,1.289303080397602528e-03
3.083333333333333481e-01,2.047968887283544565e-02,1.452817813574156089e-03
3.166666666666666519e-01,2.228389481617485540e-02,1.630999412278365040e-03
3.250000000000000111e-01,2.417613013445921860e-02,1.824582849572674303e-03
3.333333333333333148e-01,2.615573697810760073e-02,2.034298962541702081e-03
3.416666666666666741e-01,2.822172864447843044e-02,2.260871735969144369e-03
3.499999999999999778e-01,3.037278568917574362e-02,2.505015545692702589e-03
3.583333333333333370e-01,3.260725407833856698e-02,2.767432378057346504e-03
3.666666666666666408e-01,3.492314549007766167e-02,3.048809042925746272e-03
3.750000000000000000e-01,3.731813983771513354e-02,3.349814398458217379e-03
3.833333333333333037e-01,3.978959005070735466e-02,3.671096606326643402e-03
3.916666666666666630e-01,4.233452911232894744e-02,4.013280436172629410e-03
4.000000000000000222e-01,4.494967931748352491e-02,4.376964637963515897e-03
4.083333333333333259e-01,4.763146368036028089e-02,4.762719400454530107e-03
4.166666666666666852e-01,5.037601939086883140e-02,5.171083913251319115e-03
4.249999999999999889e-01,5.317921319147494302e-02,5.602564049011083368e-03
4.333333333333333481e-01,5.603665852265588693e-02,6.057630181153296836e-03
4.416666666666666519e-01,5.894373426594660959e-02,6.536715151105805185e-03
4.500000000000000111e-01,6.189560489855171210e-02,7.040212397624550159e-03
4.583333333333333148e-01,6.488724186269510807e-02,7.568474259129743219e-03
4.666666666666666741e-01,6.791344594610737584e-02,8.121810458333088636e-03
4.749999999999999778e-01,7.096887046703337365e-02,8.700486776721173821e-03
4.833333333333333370e-01,7.404804505755491206e-02,9.304723924740293875e-03
4.916666666666666408e-01,7.714539984247006932e-02,9.934696611823728638e-03
5.000000000000000000e-01,8.025528981705212783e-02,1.059053281873840666e-02
5.083333333333333037e-01,8.337201923529581615e-02,1.127231327312318808e-02
5.166666666666666075e-01,8.648986583034620756e-02,1.198007112756336104e-02
5.250000000000000222e-01,8.960310470028859386e-02,1.271379183810767907e-02
5.333333333333333259e-01,9.270603170500135715e-02,1.347341323979638419e-02
5.416666666666666297e-01,9.579298623299520310e-02,1.425882581453803352e-02
5.500000000000000444e-01,9.885837321078765061e-02,1.506987314555380264e-02
5.583333333333333481e-01,1.018966842411394846e-01,1.590635255160349759e-02
5.666666666666666519e-01,1.049025177701859990e-01,1.676801589331735134e-02
5.749999999999999556e-01,1.078705981969473315e-01,1.765457054318040481e-02
5.833333333333333703e-01,1.107957938517672158e-01,1.856568051005005882e-02
5.916666666666666741e-01,1.136731337827773802e-01,1.950096770852732461e-02
5.999999999999999778e-01,1.164978233014456327e-01,2.046001336304491616e-02
6.083333333333332815e-01,1.192652582495711405e-01,2.144235953617414786e-02
6.166666666666666963e-01,1.219710379607062550e-01,2.244751077038364614e-02
6.250000000000000000e-01,1.246109768988926669e-01,2.347493583229863859e-02
6.333333333333333037e-01,1.271811149667873564e-01,2.452406954840563591e-02
6.416666666666666075e-01,1.296777264837363774e-01,2.559431472111614592e-02
6.500000000000000222e-01,1.320973278421414820e-01,2.668504411414064637e-02
6.583333333333333259e-01,1.344366838575766776e-01,2.779560249622280155e-02
6.666666666666666297e-01,1.366928128345831217e-01,2.892530873244012965e-02
6.750000000000000444e-01,1.388629903759167061e-01,3.007345791248389189e-02
6.833333333333333481e-01,1.409447519682943961e-01,3.123932350558476789e-02
6.916666666666666519e-01,1.429358943823915151e-01,3.242215953204595491e-02
6.999999999999999556e-01,1.448344759290339512e-01,3.362120274167688938e-02
7.083333333333333703e-01,1.466388156172272472e-01,3.483567478978632365e-02
7.166666666666666741e-01,1.483474912628965914e-01,3.606478440178683548e-02
7.249999999999999778e-01,1.499593366000139261e-01,3.730772951788229042e-02
7.333333333333332815e-01,1.514734374481770396e-01,3.856369940974974792e-02
7.416666666666666963e-01,1.528891269927130370e-01,3.983187676158680274e-02
7.500000000000000000e-01,1.542059802350192466e-01,4.111143970836901584e-02
7.583333333333333037e-01,1.554238076721556894e-01,4.240156382464890794e-02
7.666666666666666075e-01,1.565426482656793739e-01,4.370142405772321770e-02
7.750000000000000222e-01,1.575627617603790886e-01,4.501019659949847401e-02
7.833333333333333259e-01,1.584846204139477299e-01,4.632706069189149872e-02
7.916666666666666297e-01,1.593089001987302300e-01,4.765120036111098606e-02
8.000000000000000444e-01,1.600364715365221735e-01,4.898180607667455139e-02
8.083333333333333481e-01,1.606683896269813228e-01,5.031807633152247938e-02
8.166666666666666519e-01,1.612058844295606308e-01,5.165921914009139609e-02
8.249999999999999556e-01,1.616503503579898304e-01,5.300445345170618633e-02
8.333333333333333703e-01,1.620033357452357603e-01,5.435301047713630290e-02
8.416666666666666741e-01,1.622665321355623302e-01,5.570413492663962157e-02
8.499999999999999778e-01,1.624417634588123938e-01,5.705708615828284508e-02
8.583333333333332815e-01,1.625309751403418990e-01,5.841113923577931355e-02
8.666666666666666963e-01,1.625362231981725136e-01,5.976558589552313783e-02
8.750000000000000000e-01,1.624596633769009035e-01,6.111973542291927047e-02
8.833333333333333037e-01,1.623035403657166753e-01,6.247291543851350715e-02
8.916666666666666075e-01,1.620701771455539675e-01,6.382447259481045798e-02
9.000000000000000222e-01,1.617619645079473312e-01,6.517377318503339567e-02
9.083333333333333259e-01,1.613813507855842710e-01,6.652020366542310548e-02
9.166666666666666297e-01,1.609308318318661835e-01,6.786317109299580541e-02
9.249999999999999334e-01,1.604129412840186730e-01,6.920210348097866060e-02
9.333333333333333481e-01,1.598302411414406488e-01,7.053645007441808334e-02
9.416666666666666519e-01,1.591853126880701241e-01,7.186568154870770497e-02
9.499999999999999556e-01,1.584807477845824319e-01,7.318929013401041794e-02
9.583333333333333703e-01,1.577191405532483437e-01,7.450678966875139142e-02
9.666666666666666741e-01,1.569030794752665492e-01,7.581771558553686285e-02
9.749999999999999778e-01,1.560351399173829923e-01,7.712162483300623317e-02
9.833333333333332815e-01,1.551178771016151758e-01,7.841809573725205817e-02
9.916666666666666963e-01,1.541538195289457736e-01,7.970672780654607104e-02
1.000000000000000000e+00,1.531454628649426830e-01,8.098714148318726658e-02
1.008333333333333304e+00,1.520952642924217890e-01,8.225897784634295107e-02
1.016666666666666607e+00,1.510056373335120217e-01,8.352189826978433096e-02
1.024999999999999911e+00,1.498789471408207286e-01,8.477558403842737345e-02
1.033333333333333215e+00,1.487175062548463655e-01,8.601973592757598819e-02
1.041666666666666741e+00,1.475235708223641695e-01,8.725407374873106470e-02
1.050000000000000044e+00,1.462993372682184490e-01,8.847833586577515119e-02
1.058333333333333348e+00,1.450469394108192811e-01,8.969227868527113179e-02
1.066666666666666652e+00,1.437684460096569361e-01,9.089567612452310874e-02
1.074999999999999956e+00,1.424658587313313574e-01,9.208831906094389064e-02
1.083333333333333259e+00,1.411411105189496473e-01,9.327001476615338904e-02
1.091666666666666563e+00,1.397960643482769050e-01,9.444058632810016507e-02
1.100000000000000089e+00,1.384325123527372636e-01,9.559987206435441309e-02
1.108333333333333393e+00,1.370521752982550578e-01,9.674772492956687509e-02
1.116666666666666696e+00,1.356567023879982070e-01,9.788401191992625316e-02
1.125000000000000000e+00,1.342476713763429419e-01,9.900861347727767103e-02
1.133333333333333304e+00,1.328265889707968550e-01,1.001214228953907492e-01
1.141666666666666607e+00,1.313948915002239315e-01,1.012223457306866692e-01
1.149999999999999911e+00,1.299539458274672210e-01,1.023112992195520515e-01
1.158333333333333215e+00,1.285050504843845420e-01,1.033882117041847598e-01
1.166666666666666741e+00,1.270494370073738111e-01,1.044530220687337752e-01
1.175000000000000044e+00,1.255882714516651788e-01,1.055056791873131006e-01
1.183333333333333348e+00,1.241226560629838660e-01,1.065461413852907963e-01
1.191666666666666652e+00,1.226536310856335965e-01,1.075743759150766948e-01
1.199999999999999956e+00,1.211821766865992245e-01,1.085903584474609967e-01
1.208333333333333259e+00,1.197092149759131363e-01,1.095940725793881215e-01
1.216666666666666563e+00,1.182356121042608954e-01,1.105855093588888477e-01
1.225000000000000089e+00,1.167621804196006807e-01,1.115646668277382875e-01
1.233333333333333393e+00,1.152896806654404305e-01,1.125315495822592909e-01
1.241666666666666696e+00,1.138188242043313703e-01,1.134861683525500015e-01
1.250000000000000000e+00,1.123502752511005010e-01,1.144285396002809596e-01
1.258333333333333304e+00,1.108846531013379100e-01,1.153586851350827808e-01
1.266666666666666607e+00,1.094225343416776602e-01,1.162766317494286772e-01
1.274999999999999911e+00,1.079644550294512617e-01,1.171824108718083762e-01
1.283333333333333215e+00,1.065109128303411978e-01,1.180760582378908435e-01
1.291666666666666741e+00,1.050623691037214646e-01,1.189576135792827921e-01
1.300000000000000044e+00,1.036192509264240724e-01,1.198271203294083986e-01
1.308333333333333348e+00,1.021819530467220349e-01,1.206846253459631646e-01
1.316666666666666652e+00,1.007508397613571804e-01,1.215301786493301617e-01
1.324999999999999956e+00,9.932624670946503531e-02,1.223638331762919168e-01
1.333333333333333259e+00,9.790848257825709999e-02,1.231856445483240914e-01
1.341666666666666563e+00,9.649783071630488318e-02,1.239956708537180985e-01
1.350000000000000089e+00,9.509455065123066653e-02,1.247939724427495206e-01
1.358333333333333393e+00,9.369887950954750022e-02,1.255806117350860840e-01
1.366666666666666696e+00,9.231103333729491489e-02,1.263556530386145960e-01
1.375000000000000000e+00,9.093120832099255146e-02,1.271191623788574532e-01
1.383333333333333304e+00,8.955958190928046958e-02,1.278712073381502445e-01
1.391666666666666607e+00,8.819631383641976519e-02,1.286118569037573156e-01
1.399999999999999911e+00,8.684154704960464488e-02,1.293411813241157615e-01
1.408333333333333215e+00,8.549540854277169755e-02,1.300592519724173279e-01
1.416666666666666741e+00,8.415801010029258511e-02,1.307661412167634429e-01
1.425000000000000044e+00,8.282944895459365409e-02,1.314619222961588008e-01
1.433333333333333348e+00,8.150980836236419724e-02,1.321466692016461109e-01
1.441666666666666652e+00,8.019915810459343763e-02,1.328204565619250932e-01
1.449999999999999956e+00,7.889755491620679961e-02,1.334833595328450973e-01
1.458333333333333259e+00,7.760504285156266668e-02,1.341354536902107930e-01
1.466666666666666563e+00,7.632165359251437409e-02,1.347768149253944503e-01
1.475000000000000089e+00,7.504740670614001852e-02,1.354075193433055269e-01
1.483333333333333393e+00,7.378230985959528809e-02,1.360276431623294313e-01
1.491666666666666696e+00,7.252635899984462287e-02,1.366372626159104153e-01
1.500000000000000000e+00,7.127953850628544752e-02,1.372364538555192748e-01
1.508333333333333304e+00,7.004182132448397158e-02,1.378252928548141520e-01
1.516666666666666607e+00,6.881316908939771881e-02,1.384038553148719819e-01
1.524999999999999911e+00,6.759353224656819425e-02,1.389722165704385115e-01
1.533333333333333215e+00,6.638285017982389902e-02,1.395304514972151300e-01
1.541666666666666741e+00,6.518105135403962080e-02,1.400786344202729072e-01
1.550000000000000044e+00,6.398805348145507332e-02,1.406168390237541310e-01
1.558333333333333348e+00,6.280376371996292117e-02,1.411451382620933781e-01
1.566666666666666652e+00,6.162807891163210594e-02,1.416636042730583522e-01
1.574999999999999956e+00,6.046088586954134758e-02,1.421723082929799153e-01
1.583333333333333259e+00,5.930206172075516702e-02,1.426713205746061586e-01
1.591666666666666563e+00,5.815147431299013542e-02,1.431607103080800858e-01
1.600000000000000089e+00,5.700898269218185321e-02,1.436405455456016556e-01
1.608333333333333393e+00,5.587443765778660199e-02,1.441108931303931862e-01
1.616666666666666696e+00,5.474768240222990107e-02,1.445718186306432507e-01
1.625000000000000000e+00,5.362855324045088384e-02,1.450233862791544259e-01
1.633333333333333304e+00,5.251688043499216918e-02,1.454656589194687766e-01
1.641666666666666607e+00,5.141248912154421785e-02,1.458986979592876709e-01
1.649999999999999911e+00,5.031520033928568725e-02,1.463225633320411334e-01
1.658333333333333215e+00,4.922483216975431092e-02,1.467373134674954671e-01
1.666666666666666741e+00,4.814120098735540088e-02,1.471430052723167736e-01
1.675000000000000044e+00,4.706412282395718016e-02,1.475396941215305624e-01
1.683333333333333348e+00,4.599341484934158647e-02,1.479274338618359608e-01
1.691666666666666652e+00,4.492889696858330673e-02,1.483062768277439714e-01
1.699999999999999956e+00,4.387039353671152303e-02,1.486762738715160237e-01
1.708333333333333259e+00,4.281773519027835817e-02,1.490374744078784841e-01
1.716666666666666563e+00,4.177076079471579023e-02,1.493899264744826261e-01
1.724999999999999867e+00,4.072931950560810394e-02,1.497336768090672954e-01
1.733333333333333393e+00,3.969327294124668642e-02,1.500687709442625195e-01
1.741666666666666696e+00,3.866249746306137797e-02,1.503952533209471365e-01
1.750000000000000000e+00,3.763688655974790909e-02,1.507131674210421823e-01
1.758333333333333304e+00,3.661635333012976806e-02,1.510225559205833346e-01
1.766666666666666607e+00,3.560083305900273165e-02,1.513234608638713841e-01
1.774999999999999911e+00,3.459028587941902211e-02,1.516159238594481373e-01
1.783333333333333215e+00,3.358469951407058729e-02,1.518999862985876692e-01
1.791666666666666741e+00,3.258409208762767795e-02,1.521756895969280932e-01
1.800000000000000044e+00,3.158851500108449117e-02,1.524430754597977389e-01
1.808333333333333348e+00,3.059805585835553843e-02,1.527021861717120788e-01
1.816666666666666652e+00,2.961284143455899728e-02,1.529530649104325624e-01
1.824999999999999956e+00,2.863304067462176666e-02,1.531957560858874801e-01
1.833333333333333259e+00,2.765886771004561623e-02,1.534303057041569163e-01
1.841666666666666563e+00,2.669058488089951636e-02,1.536567617566191868e-01
1.849999999999999867e+00,2.572850574934957071e-02,1.538751746342452154e-01
1.858333333333333393e+00,2.477299809032695865e-02,1.540855975669105371e-01
1.866666666666666696e+00,2.382448684426997226e-02,1.542880870874713539e-01
1.875000000000000000e+00,2.288345701628290152e-02,1.544827035202236687e-01
1.883333333333333304e+00,2.195045650554751371e-02,1.546695114932312987e-01
1.891666666666666607e+00,2.102609884842402549e-02,1.548485804738728433e-01
1.899999999999999911e+00,2.011106585841179045e-02,1.550199853268179884e-01
1.908333333333333215e+00,1.920611014603198358e-02,1.551838068935031678e-01
1.916666666666666741e+00,1.831205750176767219e-02,1.553401325920356624e-01
1.925000000000000044e+00,1.742980912548096339e-02,1.554890570363158531e-01
1.933333333333333348e+00,1.656034368624290098e-02,1.556306826730313730e-01
1.941666666666666652e+00,1.570471919728780655e-02,1.557651204350460894e-01
1.949999999999999956e+00,1.486407469185314911e-02,1.558924904095841668e-01
1.958333333333333259e+00,1.403963168700561939e-02,1.560129225194960834e-01
1.966666666666666563e+00,1.323269542419369324e-02,1.561265572157927439e-01
1.974999999999999867e+00,1.244465587720117172e-02,1.562335461795485436e-01
1.983333333333333393e+00,1.167698852040025166e-02,1.563340530312052057e-01
1.991666666666666696e+00,1.093125485269059484e-02,1.564282540452597570e-01
2.000000000000000000e+00,1.020910267523457080e-02,1.565163388682927759e-01
2.008333333333333304e+00,9.512266124009276930e-03,1.565985112382896338e-01
2.016666666666666607e+00,8.842565461232260865e-03,1.566749897032281291e-01
2.024999999999999911e+00,8.201906632810059689e-03,1.567460083369533186e-01
2.033333333333333215e+00,7.592280602016334215e-03,1.568118174504317675e-01
2.041666666666666519e+00,7.015762472529456575e-03,1.568726842965757207e-01
2.049999999999999822e+00,6.474510416638877205e-03,1.569288937669472417e-01
2.058333333333333126e+00,5.970764426741369604e-03,1.569807490787946680e-01
2.066666666666666430e+00,5.506844910068371679e-03,1.570285724510313841e-01
2.075000000000000178e+00,5.085151147781074264e-03,1.570727057679390803e-01
2.083333333333333481e+00,4.708159640014999286e-03,1.571135112295548864e-01
2.091666666666666785e+00,4.378422358024667074e-03,1.571513719878800397e-01
2.100000000000000089e+00,4.098564923163851639e-03,1.571866927682183113e-01
2.108333333333333393e+00,3.871284729941115808e-03,1.572199004751062557e-01
2.116666666666666696e+00,3.699349026746901782e-03,1.572514447824257811e-01
2.125000000000000000e+00,3.585592963015382141e-03,1.572817987073831247e-01
2.133333333333333304e+00,3.532917605559910378e-03,1.573114591680855323e-01
2.141666666666666607e+00,3.544287919642785667e-03,1.573409475244405553e-01
2.149999999999999911e+00,3.622730702094817401e-03,1.573708101020311334e-01
2.158333333333333215e+00,3.771332444624600662e-03,1.574016186984757981e-01
2.166666666666666519e+00,3.993237095542466475e-03,1.574339710715598195e-01
2.174999999999999822e+00,4.291643677714160332e-03,1.574684914081150577e-01
2.183333333333333126e+00,4.669803709952359203e-03,1.575058307722303486e-01
2.191666666666666430e+00,5.131018368594740878e-03,1.575466675308909714e-01
2.200000000000000178e+00,5.678635316092701946e-03,1.575917077545771761e-01
2.208333333333333481e+00,6.316045114461016352e-03,1.576416855897044833e-01
2.216666666666666785e+00,7.046677133854095665e-03,1.576973635990724654e-01
2.225000000000000089e+00,7.873994860770741622e-03,1.577595330657167449e-01
2.233333333333333393e+00,8.801490506877285291e-03,1.578290142547486008e-01
2.241666666666666696e+00,9.832678818556924577e-03,1.579066566269378968e-01
2.250000000000000000e+00,1.097108998937975505e-02,1.579933389969709612e-01
2.258333333333333304e+00,1.222026158299478055e-02,1.580899696285225087e-01
2.266666666666666607e+00,1.358372938263864224e-02,1.581974862575459828e-01
2.274999999999999911e+00,1.506501709558272749e-02,1.583168560345385723e-01
2.283333333333333215e+00,1.666762485633237201e-02,1.584490753760048887e-01
2.291666666666666519e+00,1.839501649104799755e-02,1.585951697149522999e-01
2.299999999999999822e+00,2.025060552713848355e-02,1.587561931400280901e-01
2.308333333333333126e+00,2.223773995582810359e-02,1.589332279128737868e-01
2.316666666666666430e+00,2.435968578113168609e-02,1.591273838534444651e-01
2.325000000000000178e+00,2.661960941542327805e-02,1.593397975834301150e-01
2.333333333333333481e+00,2.902055900888553946e-02,1.595716316185314121e-01
2.341666666666666785e+00,3.156544482680053582e-02,1.598240733011800918e-01
2.350000000000000089e+00,3.425701881405605886e-02,1.600983335663503371e-01
2.358333333333333393e+00,3.709785350962854777e-02,1.603956455343656939e-01
2.366666666666666696e+00,4.009032049440360707e-02,1.607172629260491536e-01
2.375000000000000000e+00,4.323656857288412508e-02,1.610644582971628436e-01
2.383333333333333304e+00,4.653850190255607450e-02,1.614385210908104995e-01
2.391666666666666607e+00,4.999775829355555812e-02,1.618407555082942983e-01
2.399999999999999911e+00,5.361568790555418934e-02,1.622724782007905764e-01
2.408333333333333215e+00,5.739333256836733066e-02,1.627350157860985858e-01
2.416666666666666519e+00,6.133140594778015153e-02,1.632297021965825323e-01
2.424999999999999822e+00,6.543027476869608949e-02,1.637578758662345257e-01
2.433333333333333126e+00,6.968994129432815043e-02,1.643208767664971204e-01
2.441666666666666430e+00,7.411002724324211588e-02,1.649200433020703294e-01
2.450000000000000178e+00,7.868975930622121306e-02,1.655567090793597929e-01
2.458333333333333481e+00,8.342795640278137526e-02,1.662321995614806369e-01
2.466666666666666785e+00,8.832301879342532858e-02,1.669478286247981502e-01
2.475000000000000089e+00,9.337291913902606710e-02,1.677048950328500210e-01
2.483333333333333393e+00,9.857519557380108044e-02,1.685046788441534604e-01
2.491666666666666696e+00,1.039269468337301189e-01,1.693484377708515121e-01
2.500000000000000000e+00,1.094248294585942471e-01,1.702374035054028678e-01
2.508333333333333304e+00,1.150650570635013692e-01,1.711727780325782711e-01
2.516666666666666607e+00,1.208434016552498158e-01,1.721557299439064048e-01
2.524999999999999911e+00,1.267551969504057685e-01,1.731873907714299721e-01
2.533333333333333215e+00,1.327953436357929284e-01,1.742688513572057951e-01
2.541666666666666519e+00,1.389583164982731156e-01,1.754011582744310627e-01
2.549999999999999822e+00,1.452381733393011132e-01,1.765853103154209625e-01
2.558333333333333126e+00,1.516285655806943189e-01,1.778222550609209474e-01
2.566666666666666430e+00,1.581227504612844892e-01,1.791128855444291956e-01
2.575000000000000178e+00,1.647136047194315001e-01,1.804580370243488996e-01
2.583333333333333481e+00,1.713936396536121787e-01,1.818584838759032540e-01
2.591666666666666785e+00,1.781550174522141816e-01,1.833149366138441816e-01
2.600000000000000089e+00,1.849895686840082598e-01,1.848280390560784470e-01
2.608333333333333393e+00,1.918888108423855710e-01,1.863983656374384179e-01
2.616666666666666696e+00,1.988439678389708476e-01,1.880264188819440740e-01
2.625000000000000000e+00,2.058459903455561180e-01,1.897126270410462723e-01
2.633333333333333304e+00,2.128855768871505127e-01,1.914573419045158820e-01
2.641666666666666607e+00,2.199531955931604832e-01,1.932608367898505097e-01
2.649999999999999911e+00,2.270391065181474044e-01,1.951233047153142774e-01
2.658333333333333215e+00,2.341333844480555926e-01,1.970448567610067758e-01
2.666666666666666519e+00,2.412259421122516789e-01,1.990255206216747230e-01
2.674999999999999822e+00,2.483065537259481759e-01,2.010652393543338745e-01
2.683333333333333126e+00,2.553648787916365515e-01,2.031638703231571363e-01
2.691666666666666430e+00,2.623904860919146764e-01,2.053211843435052697e-01
2.700000000000000178e+00,2.693728778095511034e-01,2.075368650264281523e-01
2.708333333333333481e+00,2.763015137137579957e-01,2.098105083244419244e-01
2.716666666666666785e+00,2.831658353544607709e-01,2.121416222788928274e-01
2.725000000000000089e+00,2.899552902088335937e-01,2.145296269687398671e-01
2.733333333333333393e+00,2.966593557265632120e-01,2.169738546601373552e-01
2.741666666666666696e+00,3.032675632222131545e-01,2.194735501557572577e-01
2.750000000000000000e+00,3.097695215647214839e-01,2.220278713423694816e-01
2.758333333333333304e+00,3.161549406155085840e-01,2.246358899347870863e-01
2.766666666666666607e+00,3.224136543679312350e-01,2.272965924138847515e-01
2.774999999999999911e+00,3.285356437419320041e-01,2.300088811560091762e-01
2.783333333333333215e+00,3.345110589887246855e-01,2.327715757507202443e-01
2.791666666666666519e+00,3.403302416612696835e-01,2.355834145034285398e-01
2.799999999999999822e+00,3.459837461071478826e-01,2.384430561191302755e-01
2.808333333333333126e+00,3.514623604412855373e-01,2.413490815630820741e-01
2.816666666666666430e+00,3.567571269568121095e-01,2.442999960939074566e-01
2.825000000000000178e+00,3.618593619332022282e-01,2.472942314642826711e-01
2.833333333333333481e+00,3.667606748017587237e-01,2.503301482840116776e-01
2.841666666666666785e+00,3.714529866294791760e-01,2.534060385399751758e-01
2.850000000000000089e+00,3.759285478833836458e-01,2.565201282671120686e-01
2.858333333333333393e+00,3.801799554385428825e-01,2.596705803642867516e-01
2.866666666666666696e+00,3.842001687942829813e-01,2.628554975485901668e-01
2.875000000000000000e+00,3.879825254643922139e-01,2.660729254413346512e-01
2.883333333333333304e+00,3.915207555086235858e-01,2.693208557787222235e-01
2.891666666666666607e+00,3.948089951743596338e-01,2.725972297399013033e-01
2.899999999999999911e+00,3.978417996190032890e-01,2.758999413848736149e-01
2.908333333333333215e+00,4.006141546854540825e-01,2.792268411944754947e-01
2.916666666666666519e+00,4.031214877049508205e-01,2.825757397044355024e-01
2.924999999999999822e+00,4.053596773035803569e-01,2.859444112253043957e-01
2.933333333333333126e+00,4.073250621908685587e-01,2.893305976398645729e-01
2.941666666666666430e+00,4.090144489110835724e-01,2.927320122694560545e-01
2.950000000000000178e+00,4.104251185401830426e-01,2.961463438005031423e-01
2.958333333333333481e+00,4.115548323137038222e-01,2.995712602623943344e-01
2.966666666666666785e+00,4.124018361733400306e-01,3.030044130477569930e-01
2.975000000000000089e+00,4.129648642224509336e-01,3.064434409660727887e-01
2.983333333333333393e+00,4.132431410832838048e-01,3.098859743215133244e-01
2.991666666666666696e+00,4.132363831512799734e-01,3.133296390058240011e-01
3.000000000000000000e+00,4.129447987444367363e-01,3.167720605970561487e-01
3.008333333333333304e+00,4.123690871483149945e-01,3.202108684549426210e-01
3.016666666666666607e+00,4.115104365599073777e-01,3.236436998037268697e-01
3.024999999999999911e+00,4.103705209361888651e-01,3.270682037932939323e-01
3.033333333333333215e+00,4.089514957557669472e-01,3.304820455295103820e-01
3.041666666666666519e+00,4.072559927046067729e-01,3.338829100647619508e-01
3.049999999999999822e+00,4.052871132993262626e-01,3.372685063397783400e-01
3.058333333333333126e+00,4.030484214640202012e-01,3.406365710679589154e-01
3.066666666666666430e+00,4.005439350789777309e-01,3.439848725535547547e-01
3.075000000000000178e+00,3.977781165219858028e-01,3.473112144352256125e-01
3.083333333333333481e+00,3.947558622251698957e-01,3.506134393466721066e-01
3.091666666666666785e+00,3.914824912724749195e-01,3.538894324862456031e-01
3.100000000000000089e+00,3.879637330649724491e-01,3.571371250876516079e-01
3.108333333333333393e+00,3.842057140831298123e-01,3.603544977841020014e-01
3.116666666666666696e+00,3.802149437770551144e-01,3.635395838585194217e-01
3.125000000000000000e+00,3.759982996174670022e-01,3.666904723726632787e-01
3.133333333333333304e+00,3.715630113417858205e-01,3.698053111683268224e-01
3.141666666666666607e+00,3.669166444312680908e-01,3.728823097340478454e-01
3.149999999999999911e+00,3.620670828565093480e-01,3.759197419310802424e-01
3.158333333333333215e+00,3.570225111299595300e-01,3.789159485726905086e-01
3.166666666666666519e+00,3.517913957052714036e-01,3.818693398511706083e-01
3.174999999999999822e+00,3.463824657644160032e-01,3.847783976072943202e-01
3.183333333333333126e+00,3.408046934344978185e-01,3.876416774372897778e-01
3.191666666666666430e+00,3.350672734771248940e-01,3.904578106327548648e-01
3.200000000000000178e+00,3.291796024940444321e-01,3.932255059493015570e-01
3.208333333333333481e+00,3.231512576935632319e-01,3.959435512000832325e-01
3.216666666666666785e+00,3.169919752630191989e-01,3.986108146707356692e-01
3.225000000000000089e+00,3.107116283933276657e-01,4.012262463526370948e-01
3.233333333333333393e+00,3.043202050023670058e-01,4.037888789917858379e-01
3.241666666666666696e+00,2.978277852047267471e-01,4.062978289509820429e-01
3.250000000000000000e+00,2.912445185761651789e-01,4.087522968834024217e-01
3.258333333333333304e+00,2.845806012619995773e-01,4.111515682160614138e-01
3.266666666666666607e+00,2.778462529796223990e-01,4.134950134420681822e-01
3.274999999999999911e+00,2.710516939664438518e-01,4.157820882210100932e-01
3.283333333333333215e+00,2.642071219257664527e-01,4.180123332872276443e-01
3.291666666666666519e+00,2.573226890245064458e-01,4.201853741661871200e-01
3.299999999999999822e+00,2.504084789982252701e-01,4.223009206996151677e-01
3.308333333333333126e+00,2.434744844206791492e-01,4.243587663805272747e-01
3.316666666666666430e+00,2.365305841970313516e-01,4.263587874997677440e-01
3.324999999999999734e+00,2.295865213419915896e-01,4.283009421061803601e-01
3.333333333333333481e+00,2.226518811064416015e-01,4.301852687830489130e-01
3.341666666666666785e+00,2.157360695185541466e-01,4.320118852439863710e-01
3.350000000000000089e+00,2.088482924079728131e-01,4.337809867520135421e-01
3.358333333333333393e+00,2.019975349842698109e-01,4.354928443661478799e-01
3.366666666666666696e+00,1.951925420435284275e-01,4.371478030204303811e-01
3.375000000000000000e+00,1.884417988794759580e-01,4.387462794409429101e-01
3.383333333333333304e+00,1.817535129780082637e-01,4.402887599070157698e-01
3.391666666666666607e+00,1.751355965760796329e-01,4.417757978634911376e-01
3.399999999999999911e+00,1.685956501676769692e-01,4.432080113915901065e-01
3.408333333333333215e+00,1.621409470408135545e-01,4.445860805466254617e-01
3.416666666666666519e+00,1.557784189300089883e-01,4.459107445715038698e-01
3.424999999999999822e+00,1.495146428684213658e-01,4.471827989956639882e-01
3.433333333333333126e+00,1.433558293225127012e-01,4.484030926297928876e-01
3.441666666666666430e+00,1.373078116897033241e-01,4.495725244673438037e-01
3.449999999999999734e+00,1.313760372357353212e-01,4.506920405045331535e-01
3.458333333333333481e+00,1.255655595433470828e-01,4.517626304911127044e-01
3.466666666666666785e+00,1.198810325371817836e-01,4.527853246247815489e-01
3.475000000000000089e+00,1.143267061415891295e-01,4.537611902026097432e-01
3.483333333333333393e+00,1.089064236180838363e-01,4.546913282432750170e-01
3.491666666666666696e+00,1.036236206176758823e-01,4.555768700942573468e-01
3.500000000000000000e+00,9.848132597018356693e-02,4.564189740383734484e-01
3.508333333333333304e+00,9.348216421807797882e-02,4.572188219141578580e-01
3.516666666666666607e+00,8.862835988656027342e-02,4.579776157645938373e-01
3.524999999999999911e+00,8.392174346468841972e-02,4.586965745285573881e-01
3.533333333333333215e+00,7.936375905473079528e-02,4.593769307890549491e-01
3.541666666666666519e+00,7.495547362888324572e-02,4.600199275919033548e-01
3.549999999999999822e+00,7.069758781444679396e-02,4.606268153479172178e-01
3.558333333333333126e+00,6.659044811091871519e-02,4.611988488309395895e-01
3.566666666666666430e+00,6.263406042570118792e-02,4.617372842831755086e-01
3.574999999999999734e+00,5.882810479968137579e-02,4.622433766382812448e-01
3.583333333333333481e+00,5.517195118025938066e-02,4.627183768715310008e-01
3.591666666666666785e+00,5.166467608789856308e-02,4.631635294851483287e-01
3.600000000000000089e+00,4.830508001330262313e-02,4.635800701355700104e-01
3.608333333333333393e+00,4.509170537619899832e-02,4.639692234080262656e-01
3.616666666666666696e+00,4.202285487363659894e-02,4.643322007424005582e-01
3.625000000000000000e+00,3.909661004581755500e-02,4.646701985128982582e-01
3.633333333333333304e+00,3.631084989081485165e-02,4.649843962626342142e-01
3.641666666666666607e+00,3.366326936599243341e-02,4.652759550928708965e-01
3.649999999999999911e+00,3.115139762337638951e-02,4.655460162053265960e-01
3.658333333333333215e+00,2.877261583835259706e-02,4.657956995947504786e-01
3.666666666666666519e+00,2.652417450551441958e-02,4.660261028878499023e-01
3.674999999999999822e+00,2.440321009185075773e-02,4.662383003236722501e-01
3.683333333333333126e+00,2.240676095523762984e-02,4.664333418697018119e-01
3.691666666666666430e+00,2.053178245487454270e-02,4.666122524672439709e-01
3.699999999999999734e+00,1.877516119935026748e-02,4.667760313991365928e-01
3.708333333333333481e+00,1.713372839690700811e-02,4.669256517724543198e-01
3.716666666666666785e+00,1.560427229069535904e-02,4.670620601086526436e-01
3.725000000000000089e+00,1.418354967892518359e-02,4.671861760335260794e-01
3.733333333333333393e+00,1.286829653541887372e-02,4.672988920594191575e-01
3.741666666666666696e+00,1.165523775984374927e-02,4.674010734523160737e-01
3.750000000000000000e+00,1.054109609859265294e-02,4.674935581767262205e-01
3.758333333333333304e+00,9.522600286734617808e-03,4.675771569116650705e-01
3.766666666666666607e+00,8.596492468593574382e-03,4.676526531314789126e-01
3.774999999999999911e+00,7.759534959328154465e-03,4.677208032457619291e-01
3.783333333333333215e+00,7.008516412462280701e-03,4.677823367931444043e-01
3.791666666666666519e+00,6.340257458783791523e-03,4.678379566842745807e-01
3.799999999999999822e+00,5.751615880585115095e-03,4.678883394898553094e-01
3.808333333333333126e+00,5.239491382098147160e-03,4.679341357701164994e-01
3.816666666666666430e+00,4.800830012439622971e-03,4.679759704425937583e-01
3.824999999999999734e+00,4.432628291715784430e-03,4.680144431855277620e-01
3.833333333333333481e+00,4.131937084426540868e-03,4.680501288745950172e-01
3.841666666666666785e+00,3.895865257242815682e-03,4.680835780510186339e-01
3.850000000000000089e+00,3.721583150883244796e-03,4.681153174193858346e-01
3.858333333333333393e+00,3.606325888439285750e-03,4.681458503737163657e-01
3.866666666666666696e+00,3.547396535319684817e-03,4.681756575504820161e-01
3.875000000000000000e+00,3.542169119206275453e-03,4.682051974073758727e-01
3.883333333333333304e+00,3.588091512198143124e-03,4.682349068266734027e-01
3.891666666666666607e+00,3.682688171804083914e-03,4.682652017420234070e-01
3.899999999999999911e+00,3.823562732722933510e-03,4.682964777874589202e-01
3.908333333333333215e+00,4.008400437494404923e-03,4.683291109673348163e-01
3.916666666666666519e+00,4.234970391145348109e-03,4.683634583457874645e-01
3.924999999999999822e+00,4.501127622904703245e-03,4.683998587541793324e-01
3.933333333333333126e+00,4.804814936897370582e-03,4.684386335148451597e-01
3.941666666666666430e+00,5.144064533410461909e-03,4.684800871793047827e-01
3.949999999999999734e+00,5.516999382797968532e-03,4.685245082789556426e-01
3.958333333333333481e+00,5.921834335273722799e-03,4.685721700861142924e-01
3.966666666666666785e+00,6.356876951652580543e-03,4.686233313831431602e-01
3.975000000000000089e+00,6.820528042440550387e-03,4.686782372372851890e-01
3.983333333333333393e+00,7.311281905443290860e-03,4.687371197787347232e-01
3.991666666666666696e+00,7.827726255156711860e-03,4.688001989794038926e-01
4.000000000000000000e+00,8.368541840522436548e-03,4.688676834298025620e-01
4.008333333333332860e+00,8.932501751068890050e-03,4.689397711114342004e-01
4.016666666666666607e+00,9.518470414927815426e-03,4.690166501621258477e-01
4.025000000000000355e+00,1.012540229562232039e-02,4.690984996317531519e-01
4.033333333333333215e+00,1.075234029779217546e-02,4.691854902258923987e-01
4.041666666666666963e+00,1.139841389507948929e-02,4.692777850350293711e-01
4.049999999999999822e+00,1.206283699619114733e-02,4.693755402470763394e-01
4.058333333333333570e+00,1.274490556763311667e-02,4.694789058410922533e-01
4.066666666666666430e+00,1.344399503373620505e-02,4.695880262602646349e-01
4.075000000000000178e+00,1.415955747635051949e-02,4.697030410623900254e-01
4.083333333333333037e+00,1.489111865794605014e-02,4.698240855462829102e-01
4.091666666666666785e+00,1.563827489283746430e-02,4.699512913527444935e-01
4.099999999999999645e+00,1.640068979183625236e-02,4.700847870389306404e-01
4.108333333333333393e+00,1.717809090585908222e-02,4.702246986251710226e-01
4.116666666666666252e+00,1.797026629389186780e-02,4.703711501135033335e-01
4.125000000000000000e+00,1.877706104026630185e-02,4.705242639773956626e-01
4.133333333333332860e+00,1.959837374546865435e-02,4.706841616223362279e-01
4.141666666666666607e+00,2.043415301372038251e-02,4.708509638171661793e-01
4.150000000000000355e+00,2.128439395936426032e-02,4.710247910962206963e-01
4.158333333333333215e+00,2.214913475271922810e-02,4.712057641325210211e-01
4.166666666666666963e+00,2.302845322454713517e-02,4.713940040824263211e-01
4.174999999999999822e+00,2.392246354665535785e-02,4.715896329023063216e-01
4.183333333333333570e+00,2.483131300447553175e-02,4.717927736379360359e-01
4.191666666666666430e+00,2.575517887572672387e-02,4.720035506874368791e-01
4.200000000000000178e+00,2.669426542754196191e-02,4.722220900387005260e-01
4.208333333333333037e+00,2.764880104271183470e-02,4.724485194823265788e-01
4.216666666666666785e+00,2.861903548401846173e-02,4.726829688011879860e-01
4.224999999999999645e+00,2.960523730399945708e-02,4.729255699378047129e-01
4.233333333333333393e+00,3.060769140592137227e-02,4.731764571407627296e-01
4.241666666666666252e+00,3.162669676025124665e-02,4.734357670914550731e-01
4.250000000000000000e+00,3.266256427952153596e-02,4.737036390124541585e-01
4.258333333333332860e+00,3.371561485316491857e-02,4.739802147588403347e-01
4.266666666666666607e+00,3.478617754268421847e-02,4.742656388938230605e-01
4.275000000000000355e+00,3.587458793638988175e-02,4.745600587499858580e-01
4.283333333333333215e+00,3.698118666190484960e-02,4.748636244774787629e-01
4.291666666666666963e+00,3.810631805368831782e-02,4.751764890804603958e-01
4.299999999999999822e+00,3.925032897196141513e-02,4.754988084430672446e-01
4.308333333333333570e+00,4.041356776863851835e-02,4.758307413461531077e-01
4.316666666666666430e+00,4.159638339514795669e-02,4.761724494760021797e-01
4.325000000000000178e+00,4.279912464639318292e-02,4.765240974261752971e-01
4.333333333333333037e+00,4.402213953451432349e-02,4.768858526935957354e-01
4.341666666666666785e+00,4.526577478560147444e-02,4.772578856699295491e-01
4.349999999999999645e+00,4.653037545203123765e-02,4.776403696292529921e-01
4.358333333333333393e+00,4.781628463268805529e-02,4.780334807129393293e-01
4.366666666666666252e+00,4.912384329295209351e-02,4.784373979126294585e-01
4.375000000000000000e+00,5.045339017600477399e-02,4.788523030520834833e-01
4.383333333333332860e+00,5.180526179670490866e-02,4.792783807686364361e-01
4.391666666666666607e+00,5.317979250903000221e-02,4.797158184949103510e-01
4.400000000000000355e+00,5.457731463784522979e-02,4.801648064413556738e-01
4.408333333333333215e+00,5.599815866557051464e-02,4.806255375801198881e-01
4.416666666666666963e+00,5.744265346414156870e-02,4.810982076306603572e-01
4.424999999999999822e+00,5.891112656252416035e-02,4.815830150474381122e-01
4.433333333333333570e+00,6.040390443992899039e-02,4.820801610099483825e-01
4.441666666666666430e+00,6.192131283478354009e-02,4.825898494152596752e-01
4.450000000000000178e+00,6.346367705946678872e-02,4.831122868731523856e-01
4.458333333333333037e+00,6.503132231076623471e-02,4.836476827038616588e-01
4.466666666666666785e+00,6.662457396602877724e-02,4.841962489383483392e-01
4.474999999999999645e+00,6.824375785497889535e-02,4.847582003209358614e-01
4.483333333333333393e+00,6.988920049724181571e-02,4.853337543140701649e-01
4.491666666666666252e+00,7.156122929567326763e-02,4.859231311048739510e-01
4.500000000000000000e+00,7.326017267571140190e-02,4.865265536130881086e-01
4.508333333333332860e+00,7.498636016108993496e-02,4.871442474999080896e-01
4.516666666666666607e+00,7.674012237642556522e-02,4.877764411771477460e-01
4.525000000000000355e+00,7.852179096736888742e-02,4.884233658160802571e-01
4.533333333333333215e+00,8.033169842924935133e-02,4.890852553552327842e-01
4.541666666666666963e+00,8.217017783538271836e-02,4.897623465063354331e-01
4.549999999999999822e+00,8.403756245650124967e-02,4.904548787575515600e-01
4.558333333333333570e+00,8.593418526308978234e-02,4.911630943730498911e-01
4.566666666666666430e+00,8.786037830274731619e-02,4.918872383879074883e-01
4.575000000000000178e+00,8.981647194509667642e-02,4.926275585972735294e-01
4.583333333333333037e+00,9.180279398716692518e-02,4.933843055386579191e-01
4.591666666666666785e+00,9.381966861264272317e-02,4.941577324661571846e-01
4.599999999999999645e+00,9.586741519885644269e-02,4.949480953153717055e-01
4.608333333333333393e+00,9.794634696593791656e-02,4.957556526577250322e-01
4.616666666666666252e+00,1.000567694630982996e-01,4.965806656428459753e-01
4.625000000000000000e+00,1.021989788876478261e-01,4.974233979276407869e-01
4.633333333333332860e+00,1.043732602329848491e-01,4.982841155906433950e-01
4.641666666666666607e+00,1.065798852625129134e-01,4.991630870302080081e-01
4.650000000000000355e+00,1.088191103071677324e-01,5.000605828450817025e-01
4.658333333333333215e+00,1.110911738850459268e-01,5.009768756958825620e-01
4.666666666666666963e+00,1.133962941424638965e-01,5.019122401459972238e-01
4.674999999999999822e+00,1.157346661166677032e-01,5.028669524804102453e-01
4.683333333333333570e+00,1.181064588213766448e-01,5.038412905009854725e-01
4.691666666666666430e+00,1.205118121573280354e-01,5.048355332967300324e-01
4.700000000000000178e+00,1.229508336510699434e-01,5.058499609875983793e-01
4.708333333333333037e+00,1.254235950263404842e-01,5.068848544404208623e-01
4.716666666666666785e+00,1.279301286135601234e-01,5.079404949555871296e-01
4.724999999999999645e+00,1.304704236041644982e-01,5.090171639231608758e-01
4.733333333333333393e+00,1.330444221577943009e-01,5.101151424471690454e-01
4.741666666666666252e+00,1.356520153716566368e-01,5.112347109368750031e-01
4.750000000000000000e+00,1.382930391227493172e-01,5.123761486639351048e-01
4.758333333333332860e+00,1.409672697950164200e-01,5.135397332844257035e-01
4.766666666666666607e+00,1.436744199049399540e-01,5.147257403248421959e-01
4.775000000000000355e+00,1.464141336405026805e-01,5.159344426312816312e-01
4.783333333333333215e+00,1.491859823299115095e-01,5.171661097811582897e-01
4.791666666666666963e+00,1.519894598579195899e-01,5.184210074569409743e-01
4.799999999999999822e+00,1.548239780490059392e-01,5.196993967815530802e-01
4.808333333333333570e+00,1.576888620380872963e-01,5.210015336152493681e-01
4.816666666666666430e+00,1.605833456507731460e-01,5.223276678139529006e-01
4.825000000000000178e+00,1.635065668164872310e-01,5.236780424492332164e-01
4.833333333333333037e+00,1.664575630389757144e-01,5.250528929902975595e-01
4.841666666666666785e+00,1.694352669498667419e-01,5.264524464485844657e-01
4.849999999999999645e+00,1.724385019719281431e-01,5.278769204857585162e-01
4.858333333333333393e+00,1.754659781195828105e-01,5.293265224861398721e-01
4.866666666666666252e+00,1.785162879649570544e-01,5.308014485948253647e-01
4.875000000000000000e+00,1.815879027983367533e-01,5.323018827230058259e-01
4.883333333333332860e+00,1.846791690123030794e-01,5.338279955222167139e-01
4.891666666666666607e+00,1.877883047390648263e-01,5.353799433295141075e-01
4.900000000000000355e+00,1.909133967705200496e-01,5.369578670858041747e-01
4.908333333333333215e+00,1.940523977904374531e-01,5.385618912298080208e-01
4.916666666666666963e+00,1.972031239477605169e-01,5.401921225703839591e-01
4.924999999999999822e+00,2.003632527994641810e-01,5.418486491401639515e-01
4.933333333333333570e+00,2.035303216506146595e-01,5.435315390337059904e-01
4.941666666666666430e+00,2.067017263182698295e-01,5.452408392335762466e-01
4.950000000000000178e+00,2.098747203446832132e-01,5.469765744280052910e-01
4.958333333333333037e+00,2.130464146838537687e-01,5.487387458239574300e-01
4.966666666666666785e+00,2.162137778839106628e-01,5.505273299596565861e-01
4.974999999999999645e+00,2.193736367860452396e-01,5.523422775207812441e-01
4.983333333333333393e+00,2.225226777587974991e-01,5.541835121647181728e-01
4.991666666666666252e+00,2.256574484844276751e-01,5.560509293573981937e-01
5.000000000000000000e+00,2.287743603119194169e-01,5.579443952273830387e-01
5.008333333333332860e+00,2.318696911888259715e-01,5.598637454419693738e-01
5.016666666666666607e+00,2.349395891817910031e-01,5.618087841101804258e-01
5.025000000000000355e+00,2.379800765930460971e-01,5.637792827175757138e-01
5.033333333333333215e+00,2.409870546776706202e-01,5.657749790978702231e-01
5.041666666666666963e+00,2.439563089637789006e-01,5.677955764463763488e-01
5.049999999999999822e+00,2.468835151751868073e-01,5.698407423802885896e-01
5.058333333333333570e+00,2.497642457534749449e-01,5.719101080508247614e-01
5.066666666666666430e+00,2.525939769737319818e-01,5.740032673121879814e-01
5.075000000000000178e+00,2.553680966456737256e-01,5.761197759522689310e-01
5.083333333333333037e+00,2.580819123892330591e-01,5.782591509899142057e-01
5.091666666666666785e+00,2.607306604712252285e-01,5.804208700434995150e-01
5.099999999999999645e+00,2.633095151871989725e-01,5.826043707754094969e-01
5.108333333333333393e+00,2.658135987702108238e-01,5.848090504168987902e-01
5.116666666666666252e+00,2.682379918059299984e-01,5.870342653776325914e-01
5.125000000000000000e+00,2.705777441312623433e-01,5.892793309440376159e-01
5.133333333333332860e+00,2.728278861915248710e-01,5.915435210703824387e-01
5.141666666666666607e+00,2.749834408291988996e-01,5.938260682663022427e-01
5.150000000000000355e+00,2.770394354753195065e-01,5.961261635842378670e-01
5.158333333333333215e+00,2.789909147127593858e-01,5.984429567100213454e-01
5.166666666666666963e+00,2.808329531789456324e-01,6.007755561595702343e-01
5.174999999999999822e+00,2.825606687739301570e-01,6.031230295843738043e-01
5.183333333333333570e+00,2.841692361382848198e-01,6.054844041881748407e-01
5.191666666666666430e+00,2.856539003638886021e-01,6.078586672569337157e-01
5.200000000000000178e+00,2.870099908994495075e-01,6.102447668038644135e-01
5.208333333333333037e+00,2.882329356114647356e-01,6.126416123309931239e-01
5.216666666666666785e+00,2.893182749603064874e-01,6.150480757083756078e-01
5.224999999999999645e+00,2.902616762502421288e-01,6.174629921717527115e-01
5.233333333333333393e+00,2.910589479114091827e-01,6.198851614390930020e-01
5.241666666666666252e+00,2.917060537711167467e-01,6.223133489461033507e-01
5.250000000000000000e+00,2.921991272713094778e-01,6.247462872004468926e-01
5.258333333333332860e+00,2.925344855885960715e-01,6.271826772540296524e-01
5.266666666666666607e+00,2.927086436129525127e-01,6.296211902923695147e-01
5.275000000000000355e+00,2.927183277409992623e-01,6.320604693396777440e-01
5.283333333333333215e+00,2.925604894396797162e-01,6.344991310779304339e-01
5.291666666666666963e+00,2.922323185361859199e-01,6.369357677778300086e-01
5.299999999999999822e+00,2.917312561901047041e-01,6.393689493391894185e-01
5.308333333333333570e+00,2.910550075040012619e-01,6.417972254379149533e-01
5.316666666666666430e+00,2.902015537289774905e-01,6.442191277763855695e-01
5.325000000000000178e+00,2.891691640221712989e-01,6.466331724336821241e-01
5.333333333333333037e+00,2.879564067136859973e-01,6.490378623117480927e-01
5.341666666666666785e+00,2.865621600410264147e-01,6.514316896732261775e-01
5.349999999999999645e+00,2.849856223098082841e-01,6.538131387663544958e-01
5.358333333333333393e+00,2.832263214402517271e-01,6.561806885319798610e-01
5.366666666666666252e+00,2.812841238597817428e-01,6.585328153873964974e-01
5.375000000000000000e+00,2.791592427029349066e-01,6.608679960814078935e-01
5.383333333333332860e+00,2.768522452806833067e-01,6.631847106146728787e-01
5.391666666666666607e+00,2.743640597822472049e-01,6.654814452191019081e-01
5.400000000000000355e+00,2.716959811734483976e-01,6.677566953897507984e-01
5.408333333333333215e+00,2.688496762566643383e-01,6.700089689623761613e-01
5.416666666666666963e+00,2.658271878584497205e-01,6.722367892295225689e-01
5.424999999999999822e+00,2.626309381119023012e-01,6.744386980877322690e-01
5.433333333333333570e+00,2.592637308018448383e-01,6.766132592082063635e-01
5.441666666666666430e+00,2.557287527418647954e-01,6.787590612229716935e-01
5.450000000000000178e+00,2.520295741531906053e-01,6.808747209183678706e-01
5.458333333333333037e+00,2.481701480162812889e-01,6.829588864274072080e-01
5.466666666666666785e+00,2.441548083668433344e-01,6.850102404123370459e-01
5.474999999999999645e+00,2.399882675087970929e-01,6.870275032284853811e-01
5.483333333333333393e+00,2.356756121174126140e-01,6.890094360602613266e-01
5.491666666666666252e+00,2.312222982065585408e-01,6.909548440199444475e-01
5.500000000000000000e+00,2.266341449345730397e-01,6.928625791996992911e-01
5.508333333333332860e+00,2.219173272239024497e-01,6.947315436670261635e-01
5.516666666666666607e+00,2.170783671701544681e-01,6.965606923936681349e-01
5.525000000000000355e+00,2.121241242167995478e-01,6.983490361077805408e-01
5.533333333333333215e+00,2.070617840723208980e-01,7.000956440589850560e-01
5.541666666666666963e+00,2.018988463472539685e-01,7.017996466857333582e-01
5.549999999999999822e+00,1.966431108893835211e-01,7.034602381742192101e-01
5.558333333333333570e+00,1.913026627962808313e-01,7.050766788979095923e-01
5.566666666666666430e+00,1.858858560857063191e-01,7.066482977265844401e-01
5.575000000000000178e+00,1.804012960059913073e-01,7.081744941936332083e-01
5.583333333333333037e+00,1.748578199707150338e-01,7.096547405102027195e-01
5.591666666666666785e+00,1.692644771047878693e-01,7.110885834146840612e-01
5.599999999999999645e+00,1.636305063926850045e-01,7.124756458459234887e-01
5.608333333333333393e+00,1.579653134242032242e-01,7.138156284284938868e-01
5.616666666666666252e+00,1.522784457389527446e-01,7.151083107583402487e-01
5.625000000000000000e+00,1.465795667780783185e-01,7.163535524771612595e-01
5.633333333333332860e+00,1.408784284606672266e-01,7.175512941239893250e-01
5.641666666666666607e+00,1.351848424132184867e-01,7.187015577526305599e-01
5.650000000000000355e+00,1.295086498937020880e-01,7.198044473039094671e-01
5.658333333333333215e+00,1.238596904673222032e-01,7.208601487220803739e-01
5.666666666666666963e+00,1.182477695095243975e-01,7.218689298053172498e-01
5.674999999999999822e+00,1.126826246330931008e-01,7.228311397809114025e-01
5.683333333333333570e+00,1.071738911607050537e-01,7.237472085967189273e-01
5.691666666666666430e+00,1.017310667921031975e-01,7.246176459215222243e-01
5.700000000000000178e+00,9.636347564608258032e-02,7.254430398483480147e-01
5.708333333333333037e+00,9.108023189181892187e-02,7.262240552964225326e-01
5.716666666666666785e+00,8.589020322117985051e-02,7.269614321093933462e-01
5.724999999999999645e+00,8.080197445343120788e-02,7.276559828497042304e-01
5.733333333333333393e+00,7.582381160513490537e-02,7.283085902916149879e-01
5.741666666666666252e+00,7.096362680047080262e-02,7.289202046183049788e-01
5.750000000000000000e+00,6.622894443913390772e-02,7.294918403318033651e-01
5.758333333333332860e+00,6.162686907911277268e-02,7.300245728881293861e-01
5.766666666666666607e+00,5.716405552801089029e-02,7.305195350739924764e-01
5.775000000000000355e+00,5.284668166710153325e-02,7.309779131456387580e-01
5.783333333333333215e+00,4.868042455454191231e-02,7.314009427548955333e-01
5.791666666666666963e+00,4.467044036552294400e-02,7.317899046920625095e-01
5.799999999999999822e+00,4.082134872485627952e-02,7.321461204799390998e-01
5.808333333333333570e+00,3.713722196888330496e-02,7.324709478578297350e-01
5.816666666666666430e+00,3.362157983606757494e-02,7.327657761986836604e-01
5.825000000000000178e+00,3.027739002702611176e-02,7.330320219064465626e-01
5.833333333333333037e+00,2.710707499342580179e-02,7.332711238440318136e-01
5.841666666666666785e+00,2.411252521031067436e-02,7.334845388448807402e-01
5.849999999999999645e+00,2.129511905823821410e-02,7.336737373626663894e-01
5.858333333333333393e+00,1.865574929153288736e-02,7.338401993141238089e-01
5.866666666666666252e+00,1.619485589985996538e-02,7.339854101690879151e-01
5.875000000000000000e+00,1.391246498648739983e-02,7.341108573394476977e-01
5.883333333333332860e+00,1.180823309394043313e-02,7.342180269147827731e-01
5.891666666666666607e+00,9.881496213362591513e-03,7.343084007868965202e-01
5.900000000000000355e+00,8.131322526295160086e-03,7.343834541983117470e-01
5.908333333333333215e+00,6.556567755791550128e-03,7.344446537411537523e-01
5.916666666666666963e+00,5.155931857376037236e-03,7.344934558228752852e-01
5.924999999999999822e+00,3.928015668475064344e-03,7.345313056042329647e-01
5.933333333333333570e+00,2.871376065863144068e-03,7.345596364031260483e-01
5.941666666666666430e+00,1.984578161146144035e-03,7.345798695457386174e-01
5.950000000000000178e+00,1.266243098802646632e-03,7.345934146343217064e-01
5.958333333333333037e+00,7.150901117723698283e-04,7.346016701893657297e-01
5.966666666666666785e+00,3.299716348000838388e-04,7.346060246133098159e-01
5.974999999999999645e+00,1.099004714989453436e-04,7.346078574137526740e-01
5.983333333333333393e+00,5.406825006044779672e-05,7.346085406167591758e-01
5.991666666666666252e+00,1.618546747698695496e-04,7.346094402956125924e-01
6.000000000000000000e+00,4.328273739346296745e-04,7.346119181374821672e-01
6.008333333333332860e+00,8.667324461216930221e-04,7.346173329700657062e-01
6.016666666666666607e+00,1.463476101884892029e-03,7.346270421723490873e-01
6.025000000000000355e+00,2.223098074044501174e-03,7.346424028980821364e-01
6.033333333333333215e+00,3.145737713965734636e-03,7.346647730471987936e-01
6.041666666666666963e+00,4.231593894134207286e-03,7.346955119288992586e-01
6.049999999999999822e+00,5.480879991224677991e-03,7.347359805700882651e-01
6.058333333333333570e+00,6.893775324358326212e-03,7.347875416339032517e-01
6.066666666666666430e+00,8.470374468965945203e-03,7.348515589247087698e-01
6.075000000000000178e+00,1.021063585919827418e-02,7.349293964677428015e-01
6.083333333333333037e+00,1.211433103533513314e-02,7.350224171631366543e-01
6.091666666666666785e+00,1.418099579350944051e-02,7.351319810249234976e-01
6.099999999999999645e+00,1.640988436110036447e-02,7.352594430255676716e-01
6.108333333333333393e+00,1.879992756125899861e-02,7.354061505752441663e-01
6.116666666666666252e+00,2.134969575319717316e-02,7.355734406723877239e-01
6.125000000000000000e+00,2.405736715007120857e-02,7.357626367678180568e-01
6.133333333333332860e+00,2.692070193150665827e-02,7.359750453889912780e-01
6.141666666666666607e+00,2.993702239022904416e-02,7.362119525736652292e-01
6.150000000000000355e+00,3.310319918750372070e-02,7.364746201635724576e-01
6.158333333333333215e+00,3.641564364456947173e-02,7.367642820087060285e-01
6.166666666666666963e+00,3.987030586986514691e-02,7.370821401316828281e-01
6.174999999999999822e+00,4.346267841615260308e-02,7.374293608995412530e-01
6.183333333333333570e+00,4.718780507813770397e-02,7.378070712474341653e-01
6.191666666666666430e+00,5.104029437918426726e-02,7.382163549951730186e-01
6.200000000000000178e+00,5.501433725394683227e-02,7.386582492936444311e-01
6.208333333333333037e+00,5.910372841022983048e-02,7.391337412339118451e-01
6.216666666666666785e+00,6.330189084583633108e-02,7.396437646474788297e-01
6.224999999999999645e+00,6.760190300212189085e-02,7.401891971218452770e-01
6.233333333333333393e+00,7.199652805287809487e-02,7.407708572512411438e-01
6.241666666666666252e+00,7.647824485261453531e-02,7.413895021383473116e-01
6.250000000000000000e+00,8.103928010000899240e-02,7.420458251589833187e-01
6.258333333333332860e+00,8.567164130819221457e-02,7.427404539981841136e-01
6.266666666666666607e+00,9.036715021193439390e-02,7.434739489628513498e-01
6.275000000000000355e+00,9.511747628104916252e-02,7.442468015732388587e-01
6.283333333333333215e+00,9.991417004844815875e-02,7.450594334329450064e-01
6.291666666666666963e+00,1.047486959990607536e-01,7.459121953748096834e-01
6.299999999999999822e+00,1.096124648017619968e-01,7.468053668781463594e-01
6.308333333333333570e+00,1.144968646999714040e-01,7.477391557510703057e-01
6.316666666666666430e+00,1.193932919072759197e-01,7.487136980702671085e-01
6.325000000000000178e+00,1.242931798823660172e-01,7.497290583693906330e-01
6.333333333333333037e+00,1.291880273824038139e-01,7.507852300663271361e-01
6.341666666666666785e+00,1.340694252160525290e-01,7.518821361188207097e-01
6.349999999999999645e+00,1.389290816365799097e-01,7.530196298973732549e-01
6.358333333333333393e+00,1.437588463321884946e-01,7.541974962639098612e-01
6.366666666666666252e+00,1.485507329849760361e-01,7.554154528443979277e-01
6.375000000000000000e+00,1.532969403820821919e-01,7.566731514834273975e-01
6.383333333333332860e+00,1.579898720727838657e-01,7.579701798686558911e-01
6.391666666666666607e+00,1.626221545738134044e-01,7.593060633130167547e-01
6.400000000000000355e+00,1.671866541322143407e-01,7.606802666826252279e-01
6.408333333333333215e+00,1.716764920608181422e-01,7.620921964584294050e-01
6.416666666666666963e+00,1.760850586661197870e-01,7.635412029197917727e-01
6.424999999999999822e+00,1.804060257921216159e-01,7.650265824383677415e-01
6.433333333333333570e+00,1.846333580067573144e-01,7.665475798708631938e-01
6.441666666666666430e+00,1.887613224599412609e-01,7.681033910394743369e-01
6.450000000000000178e+00,1.927844974442234349e-01,7.696931652890750541e-01
6.458333333333333037e+00,1.966977796905811093e-01,7.713160081104699639e-01
6.466666666666666785e+00,2.004963904331187874e-01,7.729709838193188354e-01
6.474999999999999645e+00,2.041758802774428783e-01,7.746571182806127887e-01
6.483333333333333393e+00,2.077321329083403612e-01,7.763734016688870199e-01
6.491666666666666252e+00,2.111613676730453026e-01,7.781187912546426722e-01
6.500000000000000000e+00,2.144601410770467231e-01,7.798922142077681086e-01
6.508333333333332860e+00,2.176253472298855518e-01,7.816925704090469385e-01
6.516666666666666607e+00,2.206542172789572320e-01,7.835187352611672207e-01
6.524999999999999467e+00,2.235443178697687217e-01,7.853695624909534656e-01
6.533333333333333215e+00,2.262935486716228239e-01,7.872438869348760138e-01
6.541666666666666963e+00,2.289001390081293330e-01,7.891405273002084497e-01
6.549999999999999822e+00,2.313626436324249247e-01,7.910582888945439928e-01
6.558333333333333570e+00,2.336799376874364453e-01,7.929959663167102102e-01
6.566666666666666430e+00,2.358512108919507688e-01,7.949523461024575743e-01
6.575000000000000178e+00,2.378759609937199371e-01,7.969262093186479934e-01
6.583333333333333037e+00,2.397539865312149354e-01,7.989163341000017349e-01
6.591666666666666785e+00,2.414853789460577882e-01,8.009214981228237606e-01
6.599999999999999645e+00,2.430705140885136561e-01,8.029404810104676660e-01
6.608333333333333393e+00,2.445100431587537149e-01,8.049720666656646761e-01
6.616666666666666252e+00,2.458048831268801471e-01,8.070150455251879906e-01
6.625000000000000000e+00,2.469562066749383944e-01,8.090682167326956886e-01
6.633333333333332860e+00,2.479654317043067102e-01,8.111303902259424659e-01
6.641666666666666607e+00,2.488342104519688514e-01,8.132003887349270599e-01
6.649999999999999467e+00,2.495644182592041127e-01,8.152770496878901652e-01
6.658333333333333215e+00,2.501581420361974617e-01,8.173592270224544487e-01
6.666666666666666963e+00,2.506176684659435772e-01,8.194457928995467766e-01
6.674999999999999822e+00,2.509454719906112352e-01,8.215356393181156847e-01
6.683333333333333570e+00,2.511442026232365010e-01,8.236276796290068480e-01
6.691666666666666430e+00,2.512166736272170020e-01,8.257208499467169061e-01
6.700000000000000178e+00,2.511658491055833720e-01,8.278141104581037135e-01
6.708333333333333037e+00,2.509948315414369802e-01,8.299064466274661545e-01
6.716666666666666785e+00,2.507068493302333501e-01,8.319968702977649233e-01
6.724999999999999645e+00,2.503052443437964181e-01,8.340844206880733136e-01
6.733333333333333393e+00,2.497934595650363465e-01,8.361681652876935544e-01
6.741666666666666252e+00,2.491750268313221162e-01,8.382472006476782145e-01
6.750000000000000000e+00,2.484535547233380215e-01,8.403206530708227096e-01
6.758333333333332860e+00,2.476327166350256181e-01,8.423876792014823867e-01
6.766666666666666607e+00,2.467162390588593934e-01,8.444474665168736349e-01
6.774999999999999467e+00,2.457078901192776832e-01,8.464992337217823737e-01
6.783333333333333215e+00,2.446114683855337701e-01,8.485422310488858200e-01
6.791666666666666963e+00,2.434307919935908560e-01,8.505757404671322464e-01
6.799999999999999822e+00,2.421696881049389405e-01,8.525990758008760162e-01
6.808333333333333570e+00,2.408319827283894599e-01,8.546115827626816763e-01
6.816666666666666430e+00,2.394214909289663906e-01,8.566126389029204979e-01
6.825000000000000178e+00,2.379420074460323609e-01,8.586016534794831401e-01
6.833333333333333037e+00,2.363972977407011733e-01,8.605780672510944251e-01
6.841666666666666785e+00,2.347910894904547963e-01,8.625413521978909648e-01
6.849999999999999645e+00,2.331270645466926028e-01,8.644910111730456093e-01
6.858333333333333393e+00,2.314088513686801962e-01,8.664265774893598060e-01
6.866666666666666252e+00,2.296400179451073831e-01,8.683476144448337708e-01
6.875000000000000000e+00,2.278240652121330534e-01,8.702537147913224080e-01
6.883333333333332860e+00,2.259644209744958998e-01,8.721445001504332106e-01
6.891666666666666607e+00,2.240644343339210920e-01,8.740196203808849873e-01
6.899999999999999467e+00,2.221273706267657411e-01,8.758787529015543694e-01
6.908333333333333215e+00,2.201564068705295918e-01,8.777216019744598086e-01
6.916666666666666963e+00,2.181546277166261649e-01,8.795478979519063545e-01
6.924999999999999822e+00,2.161250219046000065e-01,8.813573964919947379e-01
6.933333333333333570e+00,2.140704792108354404e-01,8.831498777466424421e-01
6.941666666666666430e+00,2.119937878827675704e-01,8.849251455261990529e-01
6.950000000000000178e+00,2.098976325476070437e-01,8.866830264446590171e-01
6.958333333333333037e+00,2.077845925827704887e-01,8.884233690493688052e-01
6.966666666666666785e+00,2.056571409334332634e-01,8.901460429390197771e-01
6.974999999999999645e+00,2.035176433610252356e-01,8.918509378735799409e-01
6.983333333333333393e+00,2.013683581050049742e-01,8.935379628796884521e-01
6.991666666666666252e+00,1.992114359389123290e-01,8.952070453548713891e-01
7.000000000000000000e+00,1.970489206005243965e-01,8.968581301737857947e-01
7.008333333333332860e+00,1.948827495749106964e-01,8.984911787995166765e-01
7.016666666666666607e+00,1.927147552083273430e-01,9.001061684027802379e-01
7.024999999999999467e+00,1.905466661301846720e-01,9.017030909916906589e-01
7.033333333333333215e+00,1.883801089597957334e-01,9.032819525545656703e-01
7.041666666666666963e+00,1.862166102742367491e-01,9.048427722180408805e-01
7.049999999999999822e+00,1.840575988134339758e-01,9.063855814225727503e-01
7.058333333333333570e+00,1.819044078985457280e-01,9.079104231172060446e-01
7.066666666666666430e+00,1.797582780397884439e-01,9.094173509752823126e-01
7.075000000000000178e+00,1.776203597100914633e-01,9.109064286325735393e-01
7.083333333333333037e+00,1.754917162613419956e-01,9.123777289491210585e-01
7.091666666666666785e+00,1.733733269604498528e-01,9.138313332958786228e-01
7.099999999999999645e+00,1.712660901230972366e-01,9.152673308670600250e-01
7.108333333333333393e+00,1.691708263237109988e-01,9.166858180189217942e-01
7.116666666666666252e+00,1.670882816610312627e-01,9.180868976355247568e-01
7.125000000000000000e+00,1.650191310594927296e-01,9.194706785218603740e-01
7.133333333333332860e+00,1.629639815876200715e-01,9.208372748245565731e-01
7.141666666666666607e+00,1.609233757756177163e-01,9.221868054802367931e-01
7.149999999999999467e+00,1.588977949154064817e-01,9.235193936914493085e-01
7.158333333333333215e+00,1.568876623274468585e-01,9.248351664299612196e-01
7.166666666666666963e+00,1.548933465798058295e-01,9.261342539670748275e-01
7.174999999999999822e+00,1.529151646460664982e-01,9.274167894305158644e-01
7.183333333333333570e+00,1.509533849898229141e-01,9.286829083873321400e-01
7.191666666666666430e+00,1.490082305646585614e-01,9.299327484521423548e-01
7.200000000000000178e+00,1.470798817196466712e-01,9.311664489199936723e-01
7.208333333333333037e+00,1.451684790015526916e-01,9.323841504229986032e-01
7.216666666666666785e+00,1.432741258460356604e-01,9.335859946098635787e-01
7.224999999999999645e+00,1.413968911512472615e-01,9.347721238473521987e-01
7.233333333333333393e+00,1.395368117283072307e-01,9.359426809426837357e-01
7.241666666666666252e+00,1.376938946241804684e-01,9.370978088858190613e-01
7.250000000000000000e+00,1.358681193135088949e-01,9.382376506105595260e-01
7.258333333333332860e+00,1.340594397569403184e-01,9.393623487733530064e-01
7.266666666666666607e+00,1.322677863244497432e-01,9.404720455486922370e-01
7.274999999999999467e+00,1.304930675830908160e-01,9.415668824399735515e-01
7.283333333333333215e+00,1.287351719494814473e-01,9.426470001046927116e-01
7.291666666666666963e+00,1.269939692082114879e-01,9.437125381928498369e-01
7.299999999999999822e+00,1.252693118981565990e-01,9.447636351974596503e-01
7.308333333333333570e+00,1.235610365694799623e-01,9.458004283160748038e-01
7.316666666666666430e+00,1.218689649148541609e-01,9.468230533222594669e-01
7.325000000000000178e+00,1.201929047791298194e-01,9.478316444459844448e-01
7.333333333333333037e+00,1.185326510523766613e-01,9.488263342619489560e-01
7.341666666666666785e+00,1.168879864518322931e-01,9.498072535848831599e-01
7.349999999999999645e+00,1.152586821989174670e-01,9.507745313709279333e-01
7.358333333333333393e+00,1.136444985980175071e-01,9.517282946242485719e-01
7.366666666666666252e+00,1.120451855242602379e-01,9.526686683080913820e-01
7.375000000000000000e+00,1.104604828279990847e-01,9.535957752595591863e-01
7.383333333333332860e+00,1.088901206641490343e-01,9.545097361074430520e-01
7.391666666666666607e+00,1.073338197549187079e-01,9.554106691925225991e-01
7.399999999999999467e+00,1.057912915948420324e-01,9.562986904898131968e-01
7.408333333333333215e+00,1.042622386073156354e-01,9.571739135323222847e-01
7.416666666666666963e+00,1.027463542621175480e-01,9.580364493359450062e-01
7.424999999999999822e+00,1.012433231635984088e-01,9.588864063252188208e-01
7.433333333333333570e+00,9.975282111940543539e-02,9.597238902597313714e-01
7.441666666666666430e+00,9.827451519971566740e-02,9.605490041610610374e-01
7.450000000000000178e+00,9.680806379702808218e-02,9.613618482402142007e-01
7.458333333333333037e+00,9.535311669657206557e-02,9.621625198256041900e-01
7.466666666666666785e+00,9.390931516735155637e-02,9.629511132917039085e-01
7.474999999999999645e+00,9.247629208375342247e-02,9.637277199885834200e-01
7.483333333333333393e+00,9.105367208748167684e-02,9.644924281726302562e-01
7.491666666666666252e+00,8.964107179938644865e-02,9.652453229388254785e-01
7.500000000000000000e+00,8.823810009046428871e-02,9.659864861550332416e-01
7.508333333333332860e+00,8.684435842099637315e-02,9.667159963988309901e-01
7.516666666666666607e+00,8.545944125638145483e-02,9.674339288974868056e-01
7.524999999999999467e+00,8.408293656777764136e-02,9.681403554717541438e-01
7.533333333333333215e+00,8.271442642515414168e-02,9.688353444842247031e-01
7.541666666666666963e+00,8.135348768977747336e-02,9.695189607930368991e-01
7.549999999999999822e+00,7.999969281253004050e-02,9.701912657117964800e-01
7.558333333333333570e+00,7.865261074376486694e-02,9.708523169766144489e-01
7.566666666666666430e+00,7.731180795967089459e-02,9.715021687212120893e-01
7.575000000000000178e+00,7.597684960931129494e-02,9.721408714610828561e-01
7.583333333333333037e+00,7.464730078567423377e-02,9.727684720877285418e-01
7.591666666666666785e+00,7.332272792317678922e-02,9.733850138740154367e-01
7.599999999999999645e+00,7.200270032314551316e-02,9.739905364917084141e-01
7.608333333333333393e+00,7.068679180783585259e-02,9.745850760422541947e-01
7.616666666666666252e+00,6.937458250257003134e-02,9.751686651018808272e-01
7.625000000000000000e+00,6.806566074456253668e-02,9.757413327820771975e-01
7.633333333333332860e+00,6.675962511598806937e-02,9.763031048064961803e-01
7.641666666666666607e+00,6.545608659781410044e-02,9.768540036053037223e-01
7.649999999999999467e+00,6.415467083990311625e-02,9.773940484279608487e-01
7.658333333333333215e+00,6.285502054186295484e-02,9.779232554753849449e-01
7.666666666666666963e+00,6.155679793814151229e-02,9.784416380523850432e-01
7.674999999999999822e+00,6.025968737987548451e-02,9.789492067412101095e-01
7.683333333333333570e+00,5.896339800507709172e-02,9.794459695969808255e-01
7.691666666666666430e+00,5.766766648784396598e-02,9.799319323657013081e-01
7.700000000000000178e+00,5.637225985642366904e-02,9.804070987254691616e-01
7.708333333333333037e+00,5.507697836919025342e-02,9.808714705514092191e-01
7.716666666666666785e+00,5.378165843684258596e-02,9.813250482047677359e-01
7.724999999999999645e+00,5.248617557849504650e-02,9.817678308464983239e-01
7.733333333333333393e+00,5.119044739871986271e-02,9.821998167755701115e-01
7.741666666666666252e+00,4.989443657211201089e-02,9.826210037921152551e-01
7.750000000000000000e+00,4.859815382149489105e-02,9.830313895854220219e-01
7.758333333333332860e+00,4.730166087554284193e-02,9.834309721466596432e-01
7.766666666666666607e+00,4.600507339132649254e-02,9.838197502061049038e-01
7.774999999999999467e+00,4.470856382709521848e-02,9.841977236945149698e-01
7.783333333333333215e+00,4.341236425051103048e-02,9.845648942281717275e-01
7.791666666666666963e+00,4.211676906752545579e-02,9.849212656169968882e-01
7.799999999999999822e+00,4.082213765715519971e-02,9.852668443950163280e-01
7.808333333333333570e+00,3.952889689755395564e-02,9.856016403723276698e-01
7.816666666666666430e+00,3.823754356901382101e-02,9.859256672076049943e-01
7.825000000000000178e+00,3.694864661983947307e-02,9.862389430000585433e-01
7.833333333333333037e+00,3.566284928144754229e-02,9.865414908996472665e-01
7.841666666666666785e+00,3.438087101954194480e-02,9.868333397342347046e-01
7.849999999999999645e+00,3.310350930881405390e-02,9.871145246522694539e-01
7.858333333333333393e+00,3.183164121932781365e-02,9.873850877794700942e-01
7.866666666666666252e+00,3.056622480358066329e-02,9.876450788878988751e-01
7.875000000000000000e+00,2.930830027418180467e-02,9.878945560757228517e-01
7.883333333333332860e+00,2.805899096321522179e-02,9.881335864558786763e-01
7.891666666666666607e+00,2.681950405560299538e-02,9.883622468517904158e-01
7.899999999999999467e+00,2.559113109025294708e-02,9.885806244982314750e-01
7.908333333333333215e+00,2.437524822440139544e-02,9.887888177453758587e-01
7.916666666666666963e+00,2.317331625842145720e-02,9.889869367640542475e-01
7.924999999999999822e+00,2.198688042043592250e-02,9.891751042502161528e-01
7.933333333333333570e+00,2.081756991236793919e-02,9.893534561266028593e-01
7.941666666666666430e+00,1.966709722159921264e-02,9.895221422396610622e-01
7.950000000000000178e+00,1.853725720513756114e-02,9.896813270497725190e-01
7.958333333333333037e+00,1.742992595616366103e-02,9.898311903129446421e-01
7.966666666666666785e+00,1.634705946593612708e-02,9.899719277522034400e-01
7.974999999999999645e+00,1.529069209729980172e-02,9.901037517170502289e-01
7.983333333333333393e+00,1.426293488936175927e-02,9.902268918294946376e-01
7.991666666666666252e+00,1.326597371622253649e-02,9.903415956153511779e-01
8.000000000000000000e+00,1.230206732586710400e-02,9.904481291196932657e-01
8.008333333333332860e+00,1.137354528832685945e-02,9.905467775055857294e-01
8.016666666666665719e+00,1.048280588488518898e-02,9.906378456354740791e-01
8.025000000000000355e+00,9.632313972269362229e-03,9.907216586348789322e-01
8.033333333333333215e+00,8.824598857294318338e-03,9.907985624383354173e-01
8.041666666666666075e+00,8.062252218116947033e-03,9.908689243178162576e-01
8.050000000000000711e+00,7.347926107969419279e-03,9.909331333941749920e-01
8.058333333333333570e+00,6.684331075769930214e-03,9.909916011324405583e-01
8.066666666666666430e+00,6.074234435206562165e-03,9.910447618220695754e-01
8.074999999999999289e+00,5.520458709613854445e-03,9.910930730435063563e-01
8.083333333333333925e+00,5.025880274075550380e-03,9.911370161226050746e-01
8.091666666666666785e+00,4.593428208622390291e-03,9.911770965746162787e-01
8.099999999999999645e+00,4.226083367112598403e-03,9.912138445395152209e-01
8.108333333333332504e+00,3.926877655409211770e-03,9.912478152104423623e-01
8.116666666666667140e+00,3.698893499894790032e-03,9.912795892569228329e-01
8.125000000000000000e+00,3.545263473361986648e-03,9.913097732443113541e-01
8.133333333333332860e+00,3.469170030141119354e-03,9.913390000505759581e-01
8.141666666666665719e+00,3.473845286310850607e-03,9.913679292810612109e-01
8.150000000000000355e+00,3.562570764409066573e-03,9.913972476812725754e-01
8.158333333333333215e+00,3.738677005727877520e-03,9.914276695469814715e-01
8.166666666666666075e+00,4.005542937613506757e-03,9.914599371300787389e-01
8.175000000000000711e+00,4.366594868833461457e-03,9.914948210376055560e-01
8.183333333333333570e+00,4.825304973694171176e-03,9.915331206202827596e-01
8.191666666666666430e+00,5.385189115873782219e-03,9.915756643456559161e-01
8.199999999999999289e+00,6.049803856540971261e-03,9.916233101497076152e-01
8.208333333333333925e+00,6.822742488889443381e-03,9.916769457594802883e-01
8.216666666666666785e+00,7.707629943245128401e-03,9.917374889779475566e-01
8.224999999999999645e+00,8.708116413838755052e-03,9.918058879211020251e-01
8.233333333333332504e+00,9.827869570418430734e-03,9.918831211960363881e-01
8.241666666666667140e+00,1.107056523522390555e-02,9.919701980077265668e-01
8.250000000000000000e+00,1.243987642831541514e-02,9.920681581813246552e-01
8.258333333333332860e+00,1.393946071155745606e-02,9.921780720860741143e-01
8.266666666666665719e+00,1.557294579312644769e-02,9.923010404465102408e-01
8.275000000000000355e+00,1.734391338953581926e-02,9.924381940264380697e-01
8.283333333333333215e+00,1.925588137990698334e-02,9.925906931713107673e-01
8.291666666666666075e+00,2.131228432648522159e-02,9.927597271950874269e-01
8.300000000000000711e+00,2.351645247500330771e-02,9.929465135984270052e-01
8.308333333333333570e+00,2.587158938721706783e-02,9.931522971061862437e-01
8.316666666666666430e+00,2.838074839446797643e-02,9.933783485136099545e-01
8.324999999999999289e+00,3.104680809429387345e-02,9.936259633323131224e-01
8.333333333333333925e+00,3.387244714080080155e-02,9.938964602291260331e-01
8.341666666666666785e+00,3.686011860278499974e-02,9.941911792530576664e-01
8.349999999999999645e+00,4.001202418070721328e-02,9.945114798479888218e-01
8.358333333333332504e+00,4.333008858404792385e-02,9.948587386511752451e-01
8.366666666666667140e+00,4.681593437411901704e-02,9.952343470801676695e-01
8.375000000000000000e+00,5.047085757396260058e-02,9.956397087132846657e-01
8.383333333333332860e+00,5.429580433694382313e-02,9.960762364712467676e-01
8.391666666666665719e+00,5.829134894932721384e-02,9.965453496099395680e-01
8.400000000000000355e+00,6.245767342044501735e-02,9.970484705364803801e-01
8.408333333333333215e+00,6.679454888761632292e-02,9.975870214627639010e-01
8.416666666666666075e+00,7.130131903295208740e-02,9.981624209124329017e-01
8.425000000000000711e+00,7.597688567642812973e-02,9.987760800987220966e-01
8.433333333333333570e+00,8.081969667529513568e-02,9.994293991918542508e-01
8.441666666666666430e+00,8.582773622506065236e-02,1.000123763495605722e+00
8.449999999999999289e+00,9.099851762269525746e-02,1.000860539553304562e+00
8.458333333333333925e+00,9.632907851958187606e-02,1.001641071203897448e+00
8.466666666666666785e+00,1.018159786604031641e-01,1.002466675608814084e+00
8.474999999999999645e+00,1.074553000755905929e-01,1.003338639270213939e+00
8.483333333333332504e+00,1.132426496693190454e-01,1.004258214060817611e+00
8.491666666666667140e+00,1.191731641228213345e-01,1.005226613284951664e+00
8.500000000000000000e+00,1.252415170140949163e-01,1.006245007789688728e+00
8.508333333333332860e+00,1.314419280399058976e-01,1.007314522144080238e+00
8.516666666666665719e+00,1.377681742143172516e-01,1.008436230903472675e+00
8.525000000000000355e+00,1.442136029095849037e-01,1.009611154974822345e+00
8.533333333333333215e+00,1.507711465999543310e-01,1.010840258097778666e+00
8.541666666666666075e+00,1.574333391662915138e-01,1.012124443455137968e+00
8.550000000000000711e+00,1.641923336192728233e-01,1.013464550425078103e+00
8.558333333333333570e+00,1.710399211007505860e-01,1.014861351486411545e+00
8.566666666666666430e+00,1.779675510264221716e-01,1.016315549286941344e+00
8.574999999999999289e+00,1.849663522377384128e-01,1.017827773883875242e+00
8.583333333333333925e+00,1.920271550368954361e-01,1.019398580164186496e+00
8.591666666666666785e+00,1.991405139851712691e-01,1.021028445451778399e+00
8.599999999999999645e+00,2.062967313518914159e-01,1.022717767307349312e+00
8.608333333333332504e+00,2.134858811082712415e-01,1.024466861525933137e+00
8.616666666666667140e+00,2.206978333675605197e-01,1.026275960336249460e+00
8.625000000000000000e+00,2.279222791796750025e-01,1.028145210805196275e+00
8.633333333333332860e+00,2.351487555951388697e-01,1.030074673450091183e+00
8.641666666666665719e+00,2.423666709192180413e-01,1.032064321060567558e+00
8.650000000000000355e+00,2.495653300828313825e-01,1.034114037731409752e+00
8.658333333333333215e+00,2.567339600619576445e-01,1.036223618107013023e+00
8.666666666666666075e+00,2.638617352818828365e-01,1.038392766837612280e+00
8.675000000000000711e+00,2.709378029467163218e-01,1.040621098246898413e+00
8.683333333333333570e+00,2.779513082381702693e-01,1.042908136210168646e+00
8.691666666666666430e+00,2.848914193307720000e-01,1.045253314241705755e+00
8.699999999999999289e+00,2.917473521732715791e-01,1.047655975789639093e+00
8.708333333333333925e+00,2.985083949883230447e-01,1.050115374736146023e+00
8.716666666666666785e+00,3.051639324444488377e-01,1.052630676100449136e+00
8.724999999999999645e+00,3.117034694559237540e-01,1.055200956941700463e+00
8.733333333333332504e+00,3.181166545676006319e-01,1.057825207458465089e+00
8.741666666666667140e+00,3.243933028828705489e-01,1.060502332281175741e+00
8.750000000000000000e+00,3.305234184940328834e-01,1.063231151953579312e+00
8.758333333333332860e+00,3.364972163752338874e-01,1.066010404598867867e+00
8.766666666666665719e+00,3.423051436989904550e-01,1.068838747765843644e+00
8.775000000000000355e+00,3.479379005381728618e-01,1.071714760450165560e+00
8.783333333333333215e+00,3.533864599160926878e-01,1.074636945285391443e+00
8.791666666666666075e+00,3.586420871682384215e-01,1.077603730898242684e+00
8.800000000000000711e+00,3.636963585800392362e-01,1.080613474422194242e+00
8.808333333333333570e+00,3.685411792660463481e-01,1.083664464163219376e+00
8.816666666666666430e+00,3.731688002569529816e-01,1.086754922411231616e+00
8.824999999999999289e+00,3.775718347619915205e-01,1.089883008390477137e+00
8.833333333333333925e+00,3.817432735755553752e-01,1.093046821341884023e+00
8.841666666666666785e+00,3.856764995981902810e-01,1.096244403730107786e+00
8.849999999999999645e+00,3.893653014436409543e-01,1.099473744567781797e+00
8.858333333333332504e+00,3.928038861051917352e-01,1.102732782849235038e+00
8.866666666666667140e+00,3.959868906562836743e-01,1.106019411085741755e+00
8.875000000000000000e+00,3.989093929622148371e-01,1.109331478934151960e+00
8.883333333333332860e+00,4.015669213816750460e-01,1.112666796910584566e+00
8.891666666666665719e+00,4.039554634389050936e-01,1.116023140180670170e+00
8.900000000000000355e+00,4.060714734494255129e-01,1.119398252417705519e+00
8.908333333333333215e+00,4.079118790845109865e-01,1.122789849719930011e+00
8.916666666666666075e+00,4.094740868619037300e-01,1.126195624578039789e+00
8.925000000000000711e+00,4.107559865526347886e-01,1.129613249883934190e+00
8.933333333333333570e+00,4.117559544962889340e-01,1.133040382971637783e+00
8.941666666666666430e+00,4.124728558195253636e-01,1.136474669681286853e+00
8.949999999999999289e+00,4.129060455552150954e-01,1.139913748437014762e+00
8.958333333333333925e+00,4.130553686621147302e-01,1.143355254329587511e+00
8.966666666666666785e+00,4.129211589475721422e-01,1.146796823194627724e+00
8.974999999999999645e+00,4.125042368983526941e-01,1.150236095677318771e+00
8.983333333333332504e+00,4.118059064272387437e-01,1.153670721274508537e+00
8.991666666666667140e+00,4.108279505456253755e-01,1.157098362345229337e+00
9.000000000000000000e+00,4.095726259748615483e-01,1.160516698080731102e+00
9.008333333333332860e+00,4.080426567115680303e-01,1.163923428425257756e+00
9.016666666666665719e+00,4.062412265646243581e-01,1.167316277938908353e+00
9.025000000000000355e+00,4.041719706838695636e-01,1.170692999594110884e+00
9.033333333333333215e+00,4.018389661029049265e-01,1.174051378497388942e+00
9.041666666666666075e+00,3.992467213205909138e-01,1.177389235528319977e+00
9.050000000000000711e+00,3.964001649480085598e-01,1.180704430887772993e+00
9.058333333333333570e+00,3.933046334496953511e-01,1.183994867547763175e+00
9.066666666666666430e+00,3.899658580099276683e-01,1.187258494595511360e+00
9.074999999999999289e+00,3.863899505566902870e-01,1.190493310464538768e+00
9.083333333333333925e+00,3.825833889777116581e-01,1.193697366045932684e+00
9.091666666666666785e+00,3.785530015645930391e-01,1.196868767673192169e+00
9.099999999999999645e+00,3.743059507225785509e-01,1.200005679974388562e+00
9.108333333333332504e+00,3.698497159849433169e-01,1.203106328585669793e+00
9.116666666666667140e+00,3.651920763722856789e-01,1.206169002720492101e+00
9.125000000000000000e+00,3.603410921382004251e-01,1.209192057589285607e+00
9.133333333333332860e+00,3.553050859439071951e-01,1.212173916664627482e+00
9.141666666666665719e+00,3.500926235054367397e-01,1.215113073787333020e+00
9.150000000000000355e+00,3.447124937578489590e-01,1.218008095109263778e+00
9.158333333333333215e+00,3.391736885818342762e-01,1.220857620869012283e+00
9.166666666666666075e+00,3.334853821387491202e-01,1.223660366997014526e+00
9.175000000000000711e+00,3.276569098609241615e-01,1.226415126547013568e+00
9.183333333333333570e+00,3.216977471446693659e-01,1.229120770951203312e+00
9.191666666666666430e+00,3.156174877940563506e-01,1.231776251096781127e+00
9.199999999999999289e+00,3.094258222641972367e-01,1.234380598222023728e+00
9.208333333333333925e+00,3.031325157533131254e-01,1.236932924630430364e+00
9.216666666666666785e+00,2.967473861935626678e-01,1.239432424221875495e+00
9.224999999999999645e+00,2.902802821912223719e-01,1.241878372840145239e+00
9.233333333333332504e+00,2.837410609675913298e-01,1.244270128436640199e+00
9.241666666666667140e+00,2.771395663527023157e-01,1.246607131050475159e+00
9.250000000000000000e+00,2.704856068848530137e-01,1.248888902605631568e+00
9.258333333333332860e+00,2.637889340698321150e-01,1.251115046526275920e+00
9.266666666666665719e+00,2.570592208548181379e-01,1.253285247171795236e+00
9.275000000000000355e+00,2.503060403729958638e-01,1.255399269093578019e+00
9.283333333333333215e+00,2.435388450161622420e-01,1.257456956116032698e+00
9.291666666666666075e+00,2.367669458938407578e-01,1.259458230244824284e+00
9.300000000000000711e+00,2.299994927388012145e-01,1.261403090405794014e+00
9.308333333333333570e+00,2.232454543201650432e-01,1.263291611018539706e+00
9.316666666666666430e+00,2.165135994266612351e-01,1.265123940409151437e+00
9.324999999999999289e+00,2.098124784838666101e-01,1.266900299067111879e+00
9.333333333333333925e+00,2.031504058704177718e-01,1.268620977751921730e+00
9.341666666666666785e+00,1.965354429991712504e-01,1.270286335455544924e+00
9.349999999999999645e+00,1.899753822299944661e-01,1.271896797227332954e+00
9.358333333333332504e+00,1.834777316812901682e-01,1.273452851868629887e+00
9.366666666666667140e+00,1.770497010072422384e-01,1.274955049504832294e+00
9.375000000000000000e+00,1.706981882072502177e-01,1.276403999043225879e+00
9.383333333333332860e+00,1.644297675327107966e-01,1.277800365525475712e+00
9.391666666666665719e+00,1.582506785544627870e-01,1.279144867384172102e+00
9.400000000000000355e+00,1.521668164513139132e-01,1.280438273613363043e+00
9.408333333333333215e+00,1.461837235764504306e-01,1.281681400863478704e+00
9.416666666666666075e+00,1.403065823537611445e-01,1.282875110471521252e+00
9.425000000000000711e+00,1.345402095504091844e-01,1.284020305437788778e+00
9.433333333333333570e+00,1.288890519651039179e-01,1.285117927360770018e+00
9.441666666666666430e+00,1.233571835635345754e-01,1.286168953342139210e+00
9.449999999999999289e+00,1.179483040834659324e-01,1.287174392874001594e+00
9.458333333333333925e+00,1.126657391218128246e-01,1.288135284720690388e+00
9.466666666666666785e+00,1.075124417050579428e-01,1.289052693807468897e+00
9.474999999999999645e+00,1.024909953324623785e-01,1.289927708128458583e+00
9.483333333333332504e+00,9.760361846906594196e-02,1.290761435685964909e+00
9.491666666666667140e+00,9.285217045247375067e-02,1.291555001473138065e+00
9.500000000000000000e+00,8.823815876426042981e-02,1.292309544511541120e+00
9.508333333333332860e+00,8.376274760367054262e-02,1.293026214954740682e+00
9.516666666666665719e+00,7.942676768851386626e-02,1.293706171268458105e+00
9.525000000000000355e+00,7.523072719591283875e-02,1.294350577497143329e+00
9.533333333333333215e+00,7.117482374433960202e-02,1.294960600626060998e+00
9.541666666666666075e+00,6.725895730827434471e-02,1.295537408047113592e+00
9.550000000000000711e+00,6.348274394828541667e-02,1.296082165135682640e+00
9.558333333333333570e+00,5.984553023244388453e-02,1.296596032944768995e+00
9.566666666666666430e+00,5.634640822007580541e-02,1.297080166021654435e+00
9.574999999999999289e+00,5.298423087603165715e-02,1.297535710351221505e+00
9.583333333333333925e+00,4.975762778294646332e-02,1.297963801428967390e+00
9.591666666666666785e+00,4.666502102056051260e-02,1.298365562465648715e+00
9.599999999999999645e+00,4.370464108483371884e-02,1.298742102724421255e+00
9.608333333333332504e+00,4.087454272546622858e-02,1.299094515990297571e+00
9.616666666666667140e+00,3.817262058811012049e-02,1.299423879170770846e+00
9.625000000000000000e+00,3.559662455705495804e-02,1.299731251025542322e+00
9.633333333333332860e+00,3.314417470503593782e-02,1.300017671022467791e+00
9.641666666666665719e+00,3.081277576888989678e-02,1.300284158316109107e+00
9.650000000000000355e+00,2.859983108263908572e-02,1.300531710844657241e+00
9.658333333333333215e+00,2.650265591293021056e-02,1.300761304540472008e+00
9.666666666666666075e+00,2.451849015523534236e-02,1.300973892649089247e+00
9.675000000000000711e+00,2.264451036248996130e-02,1.301170405151246490e+00
9.683333333333333570e+00,2.087784109058834006e-02,1.301351748282300935e+00
9.691666666666666430e+00,1.921556555708723787e-02,1.301518804143332986e+00
9.699999999999999289e+00,1.765473562036898661e-02,1.301672430398238989e+00
9.708333333333333925e+00,1.619238109613984483e-02,1.301813460051224558e+00
9.716666666666666785e+00,1.482551843637424510e-02,1.301942701299276584e+00
9.724999999999999645e+00,1.355115880255149119e-02,1.302060937454438738e+00
9.733333333333332504e+00,1.236631557021856086e-02,1.302168926930991955e+00
9.741666666666667140e+00,1.126801130555032601e-02,1.302267403292974413e+00
9.750000000000000000e+00,1.025328425671579932e-02,1.302357075357817084e+00
9.758333333333332860e+00,9.319194403579580607e-03,1.302438627352235034e+00
9.766666666666665719e+00,8.462829108692469793e-03,1.302512719116869500e+00
9.775000000000000355e+00,7.681308410778796801e-03,1.302579986356533936e+00
9.783333333333333215e+00,6.971789999207236854e-03,1.302641040933242289e+00
9.791666666666666075e+00,6.331473904370962455e-03,1.302696471199507267e+00
9.800000000000000711e+00,5.757606934722062086e-03,1.302746842369670199e+00
9.808333333333333570e+00,5.247486886551322796e-03,1.302792696927258742e+00
9.816666666666666430e+00,4.798466547675395849e-03,1.302834555066568090e+00
9.824999999999999289e+00,4.407957511149853888e-03,1.302872915166813250e+00
9.833333333333333925e+00,4.073433810111532979e-03,1.302908254297318491e+00
9.841666666666666785e+00,3.792435380024054142e-03,1.302941028752277353e+00
9.849999999999999645e+00,3.562571350056028055e-03,1.302971674613652597e+00
9.858333333333332504e+00,3.381523161182912497e-03,1.303000608340782795e+00
9.866666666666667140e+00,3.247047504940199329e-03,1.303028227385224946e+00
9.875000000000000000e+00,3.156979073639930820e-03,1.303054910829302360e+00
9.883333333333332860e+00,3.109233110339531658e-03,1.303081020046735539e+00
9.891666666666665719e+00,3.101807744949338155e-03,1.303106899383632555e+00
9.900000000000000355e+00,3.132786101596088130e-03,1.303132876857993061e+00
9.908333333333333215e+00,3.200338161723425504e-03,1.303159264875756840e+00
9.916666666666666075e+00,3.302722367388850368e-03,1.303186360961294810e+00
9.925000000000000711e+00,3.438286949782391657e-03,1.303214448500116251e+00
9.933333333333333570e+00,3.605470969105757824e-03,1.303243797491445033e+00
9.941666666666666430e+00,3.802805053563737894e-03,1.303274665308206126e+00
9.949999999999999289e+00,4.028911827273877477e-03,1.303307297461876235e+00
9.958333333333333925e+00,4.282506019333289470e-03,1.303341928369570413e+00
9.966666666666666785e+00,4.562394249027202503e-03,1.303378782120688584e+00
9.974999999999999645e+00,4.867474485145288632e-03,1.303418073240414365e+00
9.983333333333332504e+00,5.196735180519516939e-03,1.303460007447354574e+00
9.991666666666667140e+00,5.549254086137217143e-03,1.303504782402632234e+00
1.000000000000000000e+01,5.924196752438984012e-03,1.303552588447792981e+00
1.000833333333333286e+01,6.320814728615360006e-03,1.303603609328964019e+00
1.001666666666666572e+01,6.738443473798615135e-03,1.303658022904807368e+00
1.002500000000000036e+01,7.176499996953487892e-03,1.303716001835935501e+00
1.003333333333333321e+01,7.634480244931811724e-03,1.303777714253609998e+00
1.004166666666666607e+01,8.111956260544957165e-03,1.303843324405716153e+00
1.005000000000000071e+01,8.608573134562858692e-03,1.303912993278195875e+00
1.005833333333333357e+01,9.124045777251966680e-03,1.303986879190328407e+00
1.006666666666666643e+01,9.658155536396265811e-03,1.304065138362468623e+00
1.007499999999999929e+01,1.021074668967566178e-02,1.304147925455077184e+00
1.008333333333333393e+01,1.078172283982381692e-02,1.304235394078116839e+00
1.009166666666666679e+01,1.137104324114116688e-02,1.304327697270120767e+00
1.009999999999999964e+01,1.197871908571437535e-02,1.304424987946482650e+00
1.010833333333333250e+01,1.260480977711784731e-02,1.304527419316744430e+00
1.011666666666666714e+01,1.324941921846148861e-02,1.304635145270892638e+00
1.012500000000000000e+01,1.391269214044420048e-02,1.304748320734888001e+00
1.013333333333333286e+01,1.459481049360248847e-02,1.304867101995863088e+00
1.014166666666666572e+01,1.529598992724671806e-02,1.304991646997616606e+00
1.015000000000000036e+01,1.601647637569941426e-02,1.305122115607212141e+00
1.015833333333333321e+01,1.675654277042473023e-02,1.305258669853654352e+00
1.016666666666666607e+01,1.751648589451883925e-02,1.305401474139758378e+00
1.017500000000000071e+01,1.829662339382241015e-02,1.305550695428459917e+00
1.018333333333333357e+01,1.909729095671352378e-02,1.305706503404920449e+00
1.019166666666666643e+01,1.991883967241174502e-02,1.305869070615875094e+00
1.019999999999999929e+01,2.076163357544480448e-02,1.306038572587741253e+00
1.020833333333333393e+01,2.162604738181479747e-02,1.306215187925063193e+00
1.021666666666666679e+01,2.251246442035950701e-02,1.306399098390905511e+00
1.022499999999999964e+01,2.342127476087801224e-02,1.306590488970827302e+00
1.023333333333333250e+01,2.435287353876913405e-02,1.306789547922075911e+00
1.024166666666666714e+01,2.530765947424738760e-02,1.306996466809630109e+00
1.025000000000000000e+01,2.628603358264360382e-02,1.307211440530700486e+00
1.025833333333333286e+01,2.728839807089288721e-02,1.307434667329256950e+00
1.026666666666666572e+01,2.831515541402256086e-02,1.307666348802110745e+00
1.027500000000000036e+01,2.936670760433506000e-02,1.307906689898020502e+00
1.028333333333333321e+01,3.044345556495827235e-02,1.308155898911225856e+00
1.029166666666666607e+01,3.154579871858318590e-02,1.308414187470740675e+00
1.030000000000000071e+01,3.267413470143653437e-02,1.308681770526657573e+00
1.030833333333333357e+01,3.382885921191890188e-02,1.308958866334629878e+00
1.031666666666666643e+01,3.501036598279353568e-02,1.309245696439607753e+00
1.032499999999999929e+01,3.621904686538685719e-02,1.309542485659808575e+00
1.033333333333333393e+01,3.745529201391303853e-02,1.309849462071805748e+00
1.034166666666666679e+01,3.871949015777371994e-02,1.310166856997521112e+00
1.034999999999999964e+01,4.001202894949459216e-02,1.310494904993801280e+00
1.035833333333333250e+01,4.133329537582999813e-02,1.310833843845156776e+00
1.036666666666666714e+01,4.268367621949802071e-02,1.311183914560137387e+00
1.037500000000000000e+01,4.406355855899229262e-02,1.311545361371714513e+00
1.038333333333333286e+01,4.547333029394445142e-02,1.311918431741935009e+00
1.039166666666666572e+01,4.691338068357428503e-02,1.312303376371007912e+00
1.040000000000000036e+01,4.838410088586474894e-02,1.312700449210880693e+00
1.040833333333333321e+01,4.988588448524082508e-02,1.313109907483260175e+00
1.041666666666666607e+01,5.141912799668776901e-02,1.313532011701934898e+00
1.042500000000000071e+01,5.298423133442609761e-02,1.313967025699148028e+00
1.043333333333333357e+01,5.458159823348657236e-02,1.314415216655681062e+00
1.044166666666666643e+01,5.621163661274963808e-02,1.314876855134206934e+00
1.044999999999999929e+01,5.787475886826968369e-02,1.315352215115377810e+00
1.045833333333333393e+01,5.957138208598281026e-02,1.315841574036020534e+00
1.046666666666666679e+01,6.130192816318946747e-02,1.316345212828725408e+00
1.047499999999999964e+01,6.306682382851394597e-02,1.316863415962024053e+00
1.048333333333333250e+01,6.486650055037207485e-02,1.317396471480269282e+00
1.049166666666666714e+01,6.670139432433888627e-02,1.317944671042247329e+00
1.050000000000000000e+01,6.857194533017220428e-02,1.318508309957474367e+00
1.050833333333333286e+01,7.047859744964589390e-02,1.319087687219056892e+00
1.051666666666666572e+01,7.242179763676107052e-02,1.319683105531916922e+00
1.052500000000000036e+01,7.440199513233868023e-02,1.320294871335121689e+00
1.053333333333333321e+01,7.641964051546686065e-02,1.320923294816987559e+00
1.054166666666666607e+01,7.847518458476827885e-02,1.321568689921571726e+00
1.055000000000000071e+01,8.056907706297089522e-02,1.322231374345104182e+00
1.055833333333333357e+01,8.270176511881140169e-02,1.322911669520861588e+00
1.056666666666666643e+01,8.487369170091207948e-02,1.323609900590943633e+00
1.057499999999999929e+01,8.708529367886687356e-02,1.324326396363359359e+00
1.058333333333333393e+01,8.933699978746317827e-02,1.325061489252802538e+00
1.059166666666666679e+01,9.162922837067077886e-02,1.325815515203461414e+00
1.059999999999999964e+01,9.396238492278824461e-02,1.326588813592184168e+00
1.060833333333333250e+01,9.633685942495058552e-02,1.327381727110299670e+00
1.061666666666666714e+01,9.875302347607596565e-02,1.328194601622387339e+00
1.062500000000000000e+01,1.012112272182606049e-01,1.329027786000280376e+00
1.063333333333333286e+01,1.037117960576192099e-01,1.329881631930596386e+00
1.064166666666666572e+01,1.062550271826278037e-01,1.330756493694097431e+00
1.065000000000000036e+01,1.088411858831641044e-01,1.331652727915205059e+00
1.065833333333333321e+01,1.114705016746208727e-01,1.332570693280029195e+00
1.066666666666666607e+01,1.141431642327702112e-01,1.333510750221309937e+00
1.067500000000000071e+01,1.168593191463454251e-01,1.334473260568723063e+00
1.068333333333333357e+01,1.196190634957575161e-01,1.335458587163065092e+00
1.069166666666666643e+01,1.224224412678205642e-01,1.336467093432913256e+00
1.069999999999999929e+01,1.252694386178672681e-01,1.337499142932436991e+00
1.070833333333333393e+01,1.281599789922546195e-01,1.338555098839145918e+00
1.071666666666666679e+01,1.310939181258355679e-01,1.339635323410471202e+00
1.072499999999999964e+01,1.340710389306742634e-01,1.340740177398206612e+00
1.073333333333333250e+01,1.370910462938999819e-01,1.341870019419975524e+00
1.074166666666666714e+01,1.401535618043233400e-01,1.343025205287051715e+00
1.075000000000000000e+01,1.432581184290449006e-01,1.344206087288023932e+00
1.075833333333333286e+01,1.464041551629678417e-01,1.345413013427990689e+00
1.076666666666666572e+01,1.495910116756613839e-01,1.346646326623151646e+00
1.077500000000000036e+01,1.528179229815564699e-01,1.347906363850890354e+00
1.078333333333333321e+01,1.560840141608720033e-01,1.349193455255650376e+00
1.079166666666666607e+01,1.593882951599671638e-01,1.350507923211153871e+00
1.080000000000000071e+01,1.627296557009878797e-01,1.351850081339741383e+00
1.080833333333333357e+01,1.661068603317058523e-01,1.353220233489877522e+00
1.081666666666666643e+01,1.695185436472955165e-01,1.354618672673123303e+00
1.082499999999999929e+01,1.729632057164496861e-01,1.356045679962138761e+00
1.083333333333333393e+01,1.764392077446870766e-01,1.357501523351560380e+00
1.084166666666666679e+01,1.799447680079512557e-01,1.358986456583862967e+00
1.084999999999999964e+01,1.834779580896146733e-01,1.360500717942602744e+00
1.085833333333333250e+01,1.870366994537418504e-01,1.362044529015699945e+00
1.086666666666666714e+01,1.906187603870511116e-01,1.363618093431703482e+00
1.087500000000000000e+01,1.942217533412339270e-01,1.365221595572237989e+00
1.088333333333333286e+01,1.978431327064145429e-01,1.366855199264103149e+00
1.089166666666666572e+01,2.014801930452674583e-01,1.368519046454734989e+00
1.090000000000000036e+01,2.051300678159584390e-01,1.370213255874990432e+00
1.090833333333333321e+01,2.087897286103800598e-01,1.371937921693433315e+00
1.091666666666666607e+01,2.124559849323653937e-01,1.373693112166527897e+00
1.092500000000000071e+01,2.161254845384844581e-01,1.375478868289323309e+00
1.093333333333333357e+01,2.197947143618506072e-01,1.377295202451408018e+00
1.094166666666666643e+01,2.234600020370219597e-01,1.379142097103069897e+00
1.094999999999999929e+01,2.271175180415482275e-01,1.381019503436730522e+00
1.095833333333333393e+01,2.307632784671548032e-01,1.382927340088850432e+00
1.096666666666666679e+01,2.343931484308494073e-01,1.384865491867592002e+00
1.097499999999999964e+01,2.380028461334786904e-01,1.386833808511609867e+00
1.098333333333333250e+01,2.415879475704491575e-01,1.388832103485376113e+00
1.099166666666666714e+01,2.451438918964936597e-01,1.390860152816488782e+00
1.100000000000000000e+01,2.486659874435241113e-01,1.392917693980405325e+00
1.100833333333333286e+01,2.521494183877831530e-01,1.395004424838035550e+00
1.101666666666666572e+01,2.555892520596755313e-01,1.397120002631566438e+00
1.102500000000000036e+01,2.589804468869359999e-01,1.399264043043844330e+00
1.103333333333333321e+01,2.623178609590385846e-01,1.401436119326535668e+00
1.104166666666666607e+01,2.655962611981634858e-01,1.403635761502190604e+00
1.105000000000000071e+01,2.688103331194167112e-01,1.405862455645180864e+00
1.105833333333333357e+01,2.719546911606024464e-01,1.408115643246347526e+00
1.106666666666666643e+01,2.750238895594110389e-01,1.410394720666014123e+00
1.107499999999999929e+01,2.780124337536504786e-01,1.412699038679818386e+00
1.108333333333333393e+01,2.809147922779824391e-01,1.415027902121617220e+00
1.109166666666666679e+01,2.837254091285683066e-01,1.417380569627477715e+00
1.109999999999999964e+01,2.864387165651210987e-01,1.419756253484534714e+00
1.110833333333333250e+01,2.890491483180070431e-01,1.422154119588214360e+00
1.111666666666666714e+01,2.915511531663882439e-01,1.424573287511066377e+00
1.112500000000000000e+01,2.939392088517965851e-01,1.427012830686142042e+00
1.113333333333333286e+01,2.962078362900938400e-01,1.429471776707566422e+00
1.114166666666666572e+01,2.983516140434385178e-01,1.431949107750622563e+00
1.115000000000000036e+01,3.003651930126565173e-01,1.434443761113356697e+00
1.115833333333333321e+01,3.022433113093608847e-01,1.436954629881364909e+00
1.116666666666666607e+01,3.039808092661676620e-01,1.439480563717096206e+00
1.117500000000000071e+01,3.055726445425240856e-01,1.442020369774632771e+00
1.118333333333333357e+01,3.070139072829372040e-01,1.444572813740572004e+00
1.119166666666666643e+01,3.082998352837893474e-01,1.447136621001266610e+00
1.119999999999999929e+01,3.094258291244312287e-01,1.449710477936300812e+00
1.120833333333333393e+01,3.103874672178810745e-01,1.452293033337727524e+00
1.121666666666666679e+01,3.111805207362010051e-01,1.454882899954202724e+00
1.122499999999999964e+01,3.118009683654896502e-01,1.457478656158792907e+00
1.123333333333333250e+01,3.122450108453928563e-01,1.460078847738838004e+00
1.124166666666666714e+01,3.125090852481497983e-01,1.462681989805894922e+00
1.125000000000000000e+01,3.125898789523675059e-01,1.465286568823396918e+00
1.125833333333333286e+01,3.124843432670407761e-01,1.467891044749310980e+00
1.126666666666666572e+01,3.121897066617490557e-01,1.470493853290680830e+00
1.127500000000000036e+01,3.117034875594791865e-01,1.473093408266602955e+00
1.128333333333333321e+01,3.110235066491449096e-01,1.475688104075805418e+00
1.129166666666666607e+01,3.101478986755877854e-01,1.478276318264658329e+00
1.130000000000000071e+01,3.090751236656500422e-01,1.480856414191080495e+00
1.130833333333333357e+01,3.078039775498064845e-01,1.483426743779478141e+00
1.131666666666666643e+01,3.063336021398064268e-01,1.485985650361518084e+00
1.132499999999999929e+01,3.046634944238252318e-01,1.488531471597199785e+00
1.133333333333333393e+01,3.027935151417309179e-01,1.491062542470390051e+00
1.134166666666666679e+01,3.007238966042486972e-01,1.493577198352664892e+00
1.134999999999999964e+01,2.984552497209939093e-01,1.496073778129019871e+00
1.135833333333333250e+01,2.959885702036286759e-01,1.498550627378705702e+00
1.136666666666666714e+01,2.933252439116542098e-01,1.501006101604186460e+00
1.137500000000000000e+01,2.904670513096506701e-01,1.503438569500941790e+00
1.138333333333333286e+01,2.874161710060864072e-01,1.505846416260590459e+00
1.139166666666666572e+01,2.841751823451106329e-01,1.508228046899553698e+00
1.140000000000000036e+01,2.807470670240201915e-01,1.510581889605258743e+00
1.140833333333333321e+01,2.771352097103314538e-01,1.512906399091651810e+00
1.141666666666666607e+01,2.733433976336070437e-01,1.515200059955584821e+00
1.142500000000000071e+01,2.693758191283306402e-01,1.517461390025426571e+00
1.143333333333333357e+01,2.652370611052193849e-01,1.519688943693066285e+00
1.144166666666666643e+01,2.609321054293616271e-01,1.521881315220293684e+00
1.144999999999999929e+01,2.564663241845291930e-01,1.524037142010351342e+00
1.145833333333333393e+01,2.518454738038612417e-01,1.526155107835303282e+00
1.146666666666666679e+01,2.470756880478862938e-01,1.528233946009685429e+00
1.147499999999999964e+01,2.421634698115248119e-01,1.530272442500766106e+00
1.148333333333333250e+01,2.371156817423856755e-01,1.532269438965573993e+00
1.149166666666666714e+01,2.319395356531600561e-01,1.534223835704722427e+00
1.150000000000000000e+01,2.266425807115299007e-01,1.536134594522908570e+00
1.150833333333333286e+01,2.212326903914507703e-01,1.538000741485837652e+00
1.151666666666666572e+01,2.157180481703281916e-01,1.539821369563178388e+00
1.152500000000000036e+01,2.101071319571762852e-01,1.541595641147043283e+00
1.153333333333333321e+01,2.044086972377732736e-01,1.543322790435355474e+00
1.154166666666666607e+01,1.986317589238068559e-01,1.545002125669362014e+00
1.155000000000000071e+01,1.927855718945108432e-01,1.546633031214438514e+00
1.155833333333333357e+01,1.868796102211415233e-01,1.548214969473253655e+00
1.156666666666666643e+01,1.809235450671519141e-01,1.549747482620288164e+00
1.157499999999999929e+01,1.749272212602241416e-01,1.551230194146652197e+00
1.158333333333333393e+01,1.689006325365594030e-01,1.552662810204139099e+00
1.159166666666666679e+01,1.628538954632262892e-01,1.554045120737471475e+00
1.159999999999999964e+01,1.567972220511750781e-01,1.555377000393781461e+00
1.160833333333333250e+01,1.507408910799935553e-01,1.556658409198494519e+00
1.161666666666666714e+01,1.446952181658369141e-01,1.557889392987019006e+00
1.162500000000000000e+01,1.386705246164819105e-01,1.559070083581945321e+00
1.163333333333333286e+01,1.326771051324167616e-01,1.560200698705898947e+00
1.164166666666666572e+01,1.267251944306012068e-01,1.561281541620744839e+00
1.165000000000000036e+01,1.208249328880315887e-01,1.562313000484572667e+00
1.165833333333333321e+01,1.149863313260419406e-01,1.563295547418797948e+00
1.166666666666666607e+01,1.092192350830830105e-01,1.564229737278835852e+00
1.167500000000000071e+01,1.035332875539707598e-01,1.565116206123156939e+00
1.168333333333333357e+01,9.793789340679517896e-02,1.565955669377160131e+00
1.169166666666666643e+01,9.244218172489829244e-02,1.566748919690208908e+00
1.169999999999999929e+01,8.705496935992021457e-02,1.567496824486395601e+00
1.170833333333333393e+01,8.178472482223922424e-02,1.568200323212154634e+00
1.171666666666666679e+01,7.663953307637558221e-02,1.568860424286732114e+00
1.172499999999999964e+01,7.162706164974082246e-02,1.569478201764757497e+00
1.173333333333333250e+01,6.675452850213028921e-02,1.570054791723723531e+00
1.174166666666666714e+01,6.202867213869998897e-02,1.570591388393060450e+00
1.175000000000000000e+01,5.745572447876565181e-02,1.571089240045633106e+00
1.175833333333333286e+01,5.304138701429621933e-02,1.571549644676854207e+00
1.176666666666666572e+01,4.879081080290811889e-02,1.571973945501092595e+00
1.177500000000000036e+01,4.470858083785309717e-02,1.572363526299595859e+00
1.178333333333333321e+01,4.079870531930060440e-02,1.572719806658583908e+00
1.179166666666666607e+01,3.706461031475172252e-02,1.573044237140392543e+00
1.180000000000000071e+01,3.350914023960760435e-02,1.573338294434369011e+00
1.180833333333333357e+01,3.013456451013607484e-02,1.573603476537492885e+00
1.181666666666666643e+01,2.694259061975803199e-02,1.573841298017200740e+00
1.182499999999999929e+01,2.393438376584189342e-02,1.574053285410474068e+00
1.183333333333333393e+01,2.111059300954093790e-02,1.574240972813704786e+00
1.184166666666666679e+01,1.847138378842009404e-02,1.574405897717029656e+00
1.184999999999999964e+01,1.601647642487975462e-02,1.574549597134585088e+00
1.185833333333333250e+01,1.374519008828445701e-02,1.574673604078389966e+00
1.186666666666666714e+01,1.165649148213957452e-02,1.574779444418266783e+00
1.187500000000000000e+01,9.749047347610537845e-03,1.574868634163390846e+00
1.188333333333333286e+01,8.021279709772510813e-03,1.574942677192796570e+00
1.189166666666666572e+01,6.471422652225252217e-03,1.575003063452638186e+00
1.190000000000000036e+01,5.097579297619604828e-03,1.575051267627429308e+00
1.190833333333333321e+01,3.897777604094941444e-03,1.575088748281186390e+00
1.191666666666666607e+01,2.870023566771681862e-03,1.575116947452731564e+00
1.192500000000000071e+01,2.012350443536664417e-03,1.575137290677774526e+00
1.193333333333333357e+01,1.322862707072759453e-03,1.575151187399235431e+00
1.194166666666666643e+01,7.997735593158904113e-04,1.575160031717012021e+00
1.194999999999999929e+01,4.414350262982220680e-04,1.575165203419452098e+00
1.195833333333333393e+01,2.463598738208513201e-04,1.575168069231535961e+00
1.196666666666666679e+01,2.132348384017203617e-04,1.575169984209503493e+00
1.197499999999999964e+01,3.409249422690336230e-04,1.575172293208589647e+00
1.198333333333333250e+01,6.284689434769166836e-04,1.575176332349780273e+00
1.199166666666666714e+01,1.075066249688595276e-03,1.575183430413085173e+00
1.200000000000000000e+01,1.680055884427477178e-03,1.575194910088643985e+00
